GEOID,rate,total,annually,change
01001,2.22648230045566e-4,21268470,57.8,0.07818572775068695
01003,1.9602228663914958e-4,69926581,57,0.13011094087628905
01009,1.8454402246087648e-4,11940485,30.1,0.08663789043836741
01015,1.9412838697427113e-4,50429369,61.9,0.09130496507934427
01017,4.432231185178619e-4,13490763,55.7,0.09646293769407042
01021,2.5032428373119724e-4,14478570,48.1,0.09735811665840732
01031,2.154640374224299e-4,15926130,47.3,0.07470639092320208
01033,2.0167574207506005e-4,32490810,85.2,0.0662214535213304
01039,3.2351989647363315e-4,18068718,68.8,0.09103338336280582
01043,2.220952197892387e-4,34715850,62,0.08858642240640953
01049,1.8243211508375102e-4,24137124,49.5,0.12925237555620525
01051,1.9660338243210598e-4,22880522,42.2,0.15275841982332486
01053,2.927540191211269e-4,15831790,59.7,0.10062858738594055
01055,1.6084405185418666e-4,55123420.8,75.8,0.09894601023436707
01069,1.4026118311348692e-4,37527550,54.3,0.07868645848363974
01071,2.6332732052404903e-4,28117060,75.3,0.06705077462521142
01073,1.360970346632065e-4,247636796.6,53.8,0.09177892623062385
01077,1.5113606200260074e-4,33826460,53,0.08448407185724079
01081,1.2013915270468085e-4,18699640,19.9,0.0968608376800828
01083,1.3296729213741637e-4,21059700,38.6,0.046499361591631407
01089,1.655486626112154e-4,123406859.3,54.9,0.09264652589126281
01095,1.832316977830437e-4,49005540,77.4,0.12919332102866787
01097,1.5288335387016102e-4,150242536,52.6,0.108171248775402
01101,1.1304080116469527e-4,57088237,35.8,0.08179522893661113
01103,1.978998642817366e-4,50378990,61.4,0.0748461730010778
01113,1.8166190109100212e-4,19734370,54.7,0.10796696160745199
01115,1.857906412931994e-4,22048080,39.3,0.09486385744317967
01117,1.4361032899861683e-4,56512762,43.2,0.07149865573523091
01121,1.8341704230362472e-4,32954765,57.4,0.1296571916632641
01125,1.1066697369539765e-4,49843360,38.1,0.1031294465352624
01127,2.3680206747409745e-4,66421493,140,0.06486429744294923
02020,2.21071093967587e-4,62292963,31.4,0.052167569890987996
02050,6.121994657168299e-4,22458,0.2,0.8749999999999999
02090,2.220986591992648e-4,16848620,25.4,0.0708700732451945
02110,3.1158471988533684e-4,5959750,27.4,0.040603762315906934
02122,2.900179037587368e-4,17033575,45.3,0.06702949238326439
02170,2.2094064633275463e-4,24202020,41.3,0.0583752561623637
02270,0.0014214738354010059,NA,NA,NA
04001,3.30749318496404e-4,4621795,9.4,0.0742133664547458
04003,2.495783752299633e-4,37691160,41.7,0.060836128437812186
04005,2.2436568095134324e-4,23481685,25.6,0.05397674453764131
04007,3.2662726238885344e-4,21084440,56.8,0.08589086288273289
04009,2.9303304412740697e-4,14623445,58.5,0.07624816782237838
04012,6.310373282850347e-4,5961640,41.6,0.09155884219146075
04013,1.593435477498475e-4,1004570167,38.1,0.09394504154786402
04015,3.5770397450933457e-4,102892676,74,0.08559604692129526
04017,2.8704995930277605e-4,23618291,31.4,0.06936798577179015
04019,1.9240332141578302e-4,301640759,44.5,0.05674434282847921
04021,1.5766957216155808e-4,71113160,31.5,0.03560344921562797
04025,3.410367775371504e-4,70846215,48.4,0.074613058442394
04027,1.2816512444204577e-4,32479730,24.4,0.1060215931090825
05005,3.9001790397386564e-4,15089610,52.1,0.12472039626490965
05007,1.7750777180963972e-4,55370980,37.7,0.11478583488587953
05009,3.744413380289906e-4,13372490,52.1,0.12858216844718798
05029,5.233360293068176e-4,7213660,49.1,0.09666431225109214
05031,1.824409639789809e-4,34134924,52.4,0.05394728030894976
05033,2.1913632866894778e-4,26292500,62.2,0.1016464941318459
05045,1.56225662092666e-4,24321360,32.2,0.1199307233825978
05051,3.0129566631461143e-4,43836449,65.6,0.10133809713959459
05055,2.993116164871616e-4,18560760,64.4,0.05558599181553705
05059,3.581222985390227e-4,7726490,33.9,0.1294468458086584
05063,2.9330204778157e-4,15516810,62,0.10751533941460419
05069,1.4981361075488864e-4,13759970,25,0.15426104753469105
05083,4.6036276585949726e-4,7450820,47.1,0.12158559703916466
05085,2.3996838824956766e-4,15948790,34.8,0.1410690142601427
05089,7.304601899196494e-4,4896250,41.7,0.1137197527036925
05091,3.41033102946526e-4,15493390,51.4,0.14891490275982902
05111,4.1243916522312957e-4,10129280,58.5,0.07193198876431128
05115,1.8377894452755104e-4,16674430,39.6,0.09385653043975443
05119,1.654796591847819e-4,112301502,42.6,0.10721472734255959
05125,1.5839397309372973e-4,29152486,41.1,0.07955299547787999
05131,1.676998971508937e-4,63860180,73.9,0.0948906596470086
05139,2.507082508085341e-4,14800210,50,0.07214708477425436
05143,1.5889068774574582e-4,50165870,36.4,0.11770491231919337
05145,1.8259902624049885e-4,20223975,38.7,0.12618544071294258
06001,9.381089385412242e-5,617525202.1,59.8,0.0629804885204146
06005,3.787019172272264e-4,18109460,67.6,0.07346995760461965
06007,1.870631290450214e-4,126438275,82.7,0.07096488955594608
06009,3.658115160710908e-4,19295240,59.8,0.06414752687853446
06013,1.012866373942024e-4,228369490.8,31.9,0.060204828825125456
06015,3.6748493311774215e-4,16023200,80.4,0.06702263887437439
06017,1.7406579387474973e-4,54584479,43.7,0.0555936385679389
06019,1.0564082499390678e-4,217225360,34.3,0.06660839674624157
06021,3.5692615197915553e-4,10821620,55.4,0.049910344726376656
06023,2.522241307267399e-4,70659960,76.2,0.04918482004764183
06025,8.437461766967902e-5,23887210,20.5,0.07982976341766072
06029,1.352618834839924e-4,195518029.1,34.5,0.07914979664450061
06031,1.0906846987243674e-4,34634654,32.9,0.10418490215747826
06033,2.9580487488130725e-4,43826960,97.3,0.068183756857164865
06035,3.4200789727326434e-4,18872710,77.2,0.053838459959101616
06037,8.213570753356057e-5,1499252965.1,21.9,0.0281667153476254
06039,1.176389754142224e-4,29706215,28.8,0.0685981228005575
06041,1.566921609541366e-4,54100786,31.1,0.01767836794321716
06045,2.509644478169465e-4,38751915,63.5,0.035461940505069324
06047,9.774709198346564e-5,57212665,32.7,0.10085434394814863
06053,9.228083765802102e-5,82787822.8,29,0.05490406824021088
06055,1.1309515471858881e-4,30932475,33,0.053476202775572634
06057,2.1216867255085972e-4,36319221,53,0.05089959402428712
06059,1.0202315055541283e-4,508082537.7,24.5,0.04622790796247785
06061,1.3017990419496512e-4,126006698.6,53.6,0.05474062322418427
06065,1.0809824481474872e-4,453963052.5,30.9,0.083515509569891
06067,1.373343226408702e-4,443063171,45.5,0.03693977955902348
06069,1.65809981760902e-4,8448960,22.1,0.11065625444381433
06071,1.001775960009993e-4,434178116.5,31,0.07054231584904203
06073,1.2809572023736804e-4,608164349.5,28.8,0.049487507308860944
06075,1.0553800252074055e-4,127684111,23.1,0.03464121024260989
06077,1.0567240796813013e-4,188056095,39.9,0.07308879795989354
06079,1.8730289992966177e-4,76906838.58,41.5,0.06456010549476661
06081,7.82826539457239e-5,109509962.4,22.2,0.05159166408567747
06083,1.2582891891871112e-4,99272802.5,34.3,0.03700884040146257
06085,7.871615270554997e-5,202878545,16.7,0.04888864983172181
06087,1.6249771308586087e-4,64935255,36.2,0.0556503530121659
06089,2.4719604032051096e-4,117341864,94.5,0.06340506929952057
06093,2.9216353387126297e-4,20364645,65.2,0.09207823418684669
06095,1.2088138977892785e-4,104266026.5,36.4,0.08616119203721077
06097,1.384798006185619e-4,129436246,39.2,0.0469418952746861
06099,1.0392205603291806e-4,218028368,61.2,0.058084817630729556
06101,1.6842297112916514e-4,45200015,69.4,0.10318264760047491
06103,2.1321880704186814e-4,29383980,67.4,0.08299036083112517
06107,1.0489765884510115e-4,113901310,38.1,0.08128633163250887
06109,2.458376631884013e-4,33145990,84.5,0.05912185077844467
06111,1.1820141860614758e-4,158443699,28.1,0.05567569344626333
06113,1.042073798454559e-4,41901749,30.6,0.055456230467193925
06115,1.7346220253339662e-4,29566330,59.4,0.0800140934095707
08001,1.76037259957029e-4,76848617,25.9,0.08286216529874396
08005,1.807655026663621e-4,99985887,25.9,0.061437306632337894
08013,1.7758841206772465e-4,52120758,25.6,0.04961048346129887
08014,1.9552788792349105e-4,15158662,41,0.1855884397991525
08029,4.1035181420920693e-4,9814770,46.1,0.05730789232544895
08031,1.5961132209740025e-4,76643537.25,18.9,0.08588343709603515
08035,1.715296390328163e-4,39057795,20.5,0.061755956869357455
08037,2.3734754984298546e-4,9241333,26.1,0.06983408430868136
08041,2.484258112528847e-4,125820253,30.1,0.07677689834937089
08043,3.366753617198551e-4,13815920,41.9,0.08443880375217093
08045,2.3687263362886905e-4,13264387,34.9,0.03937095413529188
08051,6.094588005850804e-4,2093825,19.8,0.07851951771435244
08059,1.8522661903094448e-4,142323953,38.4,0.06303898894441522
08067,2.4839831195885875e-4,9022148,25.8,0.03404186229845733
08069,2.157795752222893e-4,63868173,31.4,0.06637728556437812
08077,2.649565684584461e-4,37409624,37.8,0.05993814518966445
08083,4.6830685900601783e-4,7067300,40.1,0.07311374690169008
08085,2.5219551057717644e-4,9390400,33.5,0.1027860053933443
08093,6.408015845275545e-4,831620,7.3,0.05082736898672561
08101,2.5757690413676077e-4,74629205,68.4,0.12131268652890932
08117,3.490523229432092e-4,5005730,26.6,0.030568687189751014
08119,4.917280045709332e-4,7309215,46.2,0.17265462295045142
08123,1.8540597999135294e-4,50147379,29.5,0.0886872601933882
09001,8.355766262156946e-5,133131898.99369,21,0.0579216113150095
09003,9.889793700570404e-5,158992384.729576,25.6,0.050638649087032715
09005,1.302377466143819e-4,41307518,31.1,0.04492371155814978
09007,9.744846013956376e-5,33659815.04666,29.2,0.04727584290920395
09009,1.1233260137438254e-4,202469412.5055,33.9,0.04511451899678298
09011,1.36906326479063e-4,58983326.5999999,31.1,0.07234503561854776
09013,1.4208024739874087e-4,20537584,19.5,0.06306708038036428
09015,1.5587721652251139e-4,26269190,31.9,0.05181597061090454
10001,1.3643276454095103e-4,44551410,40.8,0.06767315839411624
10003,1.2142603339162581e-4,148753416,39.9,0.04916572310312232
10005,1.3519653334600622e-4,82872450,62.3,0.0686632166643042
11001,6.294591351134029e-5,58184205,14.2,0.05376801020925298
12001,1.2777584061953975e-4,63608141,37.3,0.031325434311284796
12005,2.2893517348225738e-4,65366330,56.2,0.028732041785966944
12009,2.30813421699732e-4,183931799,48.7,0.05481661897279353
12011,1.1808706527792201e-4,568086688,46.6,0.008564865916700082
12015,1.9136335520149206e-4,58089640,52.2,0.04211106001252044
12017,2.4276727137308136e-4,51986048,53,0.05362664340278942
12019,1.712942688743749e-4,69764455,53.8,0.06018053951677713
12021,1.296218895565078e-4,70016794,31.6,0.02457067227467058
12023,1.7937008447515852e-4,27485440,58.6,0.060216155472580545
12031,1.553429039963993e-4,301962665.8,50.5,0.07027686511126041
12033,1.9385530417545847e-4,108324348,51.8,0.05297348272639898
12035,2.1544857472778603e-4,25590065,40.2,0.07891920231099382
12053,2.028478153086235e-4,84577590,71.2,0.05940825289969311
12055,2.423724336895934e-4,21792270,31.6,0.05496013233178095
12057,1.3500981734280927e-4,565124893.6,67.5,-0.0831381375158231
12061,1.8339455670426802e-4,41948844,44.4,0.0831210694945414
12063,2.263421058046462e-4,12335830,35.8,0.08573636825690419
12069,1.734536655815871e-4,78003410.5,38.1,0.07925555125603102
12071,1.7127299880863049e-4,181166725,42.9,0.00523092838419964
12073,1.1190336006663345e-4,48079786,25.5,0.03461173249854399
12075,3.0229671558070837e-4,17038702,60.7,0.05146306008986059
12081,1.8806612941686183e-4,117186894,52.6,0.027121672008214876
12083,2.1002413304278914e-4,104625795,45.9,0.03321253372941587
12085,1.7968444172065967e-4,39431144,39.2,0.03781833694358888
12086,9.299086825428499e-5,241652656,14.1,0.0696343354299113
12087,2.6916027729437995e-4,30791325,60,0.008585371138054132
12089,2.1634706099019123e-4,30078860,60.9,0.0893649024408552
12091,1.961979946428984e-4,48994909,38.4,0.04420781829409463
12095,1.0244007120023972e-4,291876228,37.6,0.12276042837600037
12097,1.0561773680915088e-4,57220675,31.6,0.10418798661864863
12099,1.5818428723899777e-4,390352868,43,0.02519190349787716
12101,2.0464313531813903e-4,195414137,61.2,-0.004824949194430754
12103,2.011192189101929e-4,394843803,61.4,-0.030859793498910975
12105,1.4120643244460254e-4,153923270,37.5,-0.03215931484366463
12107,2.0949186380070397e-4,36207490,69.4,0.03516147626255108
12109,1.9340318717470133e-4,43430038.5,34.5,0.03125571269000038
12111,1.6096035017483157e-4,64898867,34.6,0.045894796709444
12113,1.9942334360695474e-4,54169114,52.3,0.0663027738863778
12115,2.1368358624676673e-4,129544084.1,49.3,0.02297174922919154
12117,1.3179447202933442e-4,126485525,43.4,0.057453383629237666
12119,1.594957346613777e-4,21083279,35.9,0.12479065704100169
12121,2.613517000918007e-4,10361010,36.5,0.039337313924849605
12127,2.1848765451606077e-4,181054475.6,52.1,0.04845841734906011
12131,2.1414143108568293e-4,22569265,60.6,0.011455644785822375
13009,2.3174483286602824e-4,11904739,36.3,0.1439160214741311
13013,1.9061255527450452e-4,21644660,46.7,0.06724016558731209
13015,1.711730181218647e-4,33039206,48.9,0.08032819634988984
13021,1.2770159909095195e-4,75618674,69.8,0.07115473502746028
13029,3.6998036258075536e-4,9639250.733104,47.2,0.10867231262505388
13031,1.404218271688151e-4,12663175,26.9,0.11223859174015209
13039,2.4987025967286217e-4,15684434,45.8,0.024290053783383964
13045,1.6501809356422872e-4,48970530,63.9,0.04391147713413187
13047,1.8587547513542168e-4,25625360,58.3,0.12806743269669926
13051,1.5249475954717858e-4,59117777.093,33.1,0.08090978550198469
13057,1.4901339484710814e-4,42283093.0195,29.4,0.06707055636461073
13059,1.2677322801690454e-4,39782059.2,49.5,0.0790253487152528
13063,7.78587141693889e-5,37103732,20.2,0.05784925242654534
13067,1.2061588237081159e-4,130661431.5,27.5,0.05990856749918627
13073,1.5181081204195568e-4,25882098,31.7,0.10157721816121011
13077,1.3167656085130968e-4,26038733,30.8,0.0928014030381016
13085,4.289636238846946e-4,8157752.5,53.8,0.06485377457575836
13089,8.264081667689418e-5,76758734.125,15.8,0.08469137198360599
13095,1.1140973712530729e-4,19694319.5,29.7,0.11205881356823817
13097,1.2206933629447828e-4,36565939,41.2,0.06976590703422002
13103,2.435423137274107e-4,9590115,27.2,0.09561547748104766
13113,1.3197633196675168e-4,21387673.00725,29,0.07705207105582494
13115,1.573016183278358e-4,50461515,75.4,0.09060866199357481
13117,1.1840764100254715e-4,27162025,23.8,0.08485427514533427
13119,4.3821209465381246e-4,15790190,102.3,0.05731236753242811
13121,1.0996545767014657e-4,132519506.2785,21,0.060042682539708535
13127,1.6709189418405142e-4,25617005.3,47.4,0.05446808683076404
13129,1.9330802755518066e-4,16076190,42.8,0.09942499384598176
13135,1.1201597227689963e-4,113612198.44675,20.9,0.05833849431325485
13137,2.486100438457714e-4,12857876,43.6,0.06122580296038612
13139,1.6705529815904684e-4,47014223,38.3,0.08567733909863191
13151,1.0453871463957433e-4,42377697.4,31.6,0.07701259875354605
13153,1.4231877962124048e-4,40469038.25,43,0.10840540791689107
13157,2.2934231726964873e-4,20060260,49.2,0.13197556205528946
13169,3.4737902525445514e-4,3913270,19.9,0.15185601549548386
13179,1.690929719665864e-4,7001500,15.8,0.14550140383292434
13185,1.2659394001966127e-4,31409682.5,42.9,0.11110108257592881
13187,3.3462111763453287e-4,4741030,23.8,0.11441411507793087
13213,4.0746682965339854e-4,11583190,41.4,0.11496004144935812
13215,1.3339504173748824e-4,55676244.5,42.3,0.10713661514666262
13217,1.401391044956904e-4,20947060,31.1,0.08923291645865426
13219,2.6296413169243715e-4,4341109,19.7,0.09259865146794632
13223,1.3135473502584174e-4,26525199,28.4,0.06557237695392455
13227,3.165759149043941e-4,10344480,50.5,0.06850668584343755
13233,2.87999580056747e-4,24436350,84.9,0.06773119242133013
13245,1.308811630313435e-4,51731644,37.3,0.10563845330960442
13247,1.6018825960131125e-4,27663745,47.7,0.08625676054940883
13255,1.5295197308045274e-4,22917680,51.8,0.07735814677750297
13285,1.6227386652262386e-4,16056776,35.1,0.11352496379790651
13291,4.361479413817167e-4,6835570,46.5,0.11932544051650547
13295,1.7633884818564615e-4,18574876,39.5,0.08685213469761914
13297,1.7134987906492142e-4,26727015,46.8,0.08791404078353005
13313,1.246378002233305e-4,29197959,42.2,0.0860168682460515
15001,1.9926620197933677e-4,52796900,42.1,0.04370189498135918
15003,1.143920384206543e-4,102921436.5,15.8,0.08739891673302025
15007,2.441707134202769e-4,18794930,41.3,-0.008725304189107034
15009,1.7195081323546685e-4,44466492,42.5,0.05592206298708426
16001,1.8632420243625873e-4,100077145,37.7,0.08199063729459011
16005,2.714485909810736e-4,22038920,39.1,0.11774369136900786
16011,2.73145526672842e-4,7907895,25.5,0.14715030280621164
16017,2.787980338547131e-4,12246020,43,0.0604309496712643
16019,2.0357075778225633e-4,27823740,39.9,0.09971119938870136
16027,1.868350462728204e-4,39980121,31.4,0.11523596906462845
16031,4.2258282623394185e-4,8235000,53.6,0.0872408435241258
16039,3.8211692777990065e-4,4351740,23.1,0.10914399160565298
16055,2.0202996548318778e-4,39147088,41.5,0.05366368303996979
16069,4.2492563801334765e-4,17676550,65,0.03398635132618529
16083,2.521827563614382e-4,26796650,51.4,0.100754685014944
17001,2.0530556415764231e-4,19784400,42.2,0.11375171951353873
17007,2.038660414774728e-4,8631704,23.1,0.1012794383948505
17019,1.0682389173839563e-4,30254606,21.9,0.10189498091569678
17021,2.950548802077186e-4,8819270,36.1,0.10986774090405498
17029,1.8623014321098014e-4,11875750,31.8,0.10328908578753881
17031,8.492614302517194e-5,566752649.5,15.6,0.07394846685557148
17037,1.494068364248305e-4,12787680,17.6,0.09171633700567224
17043,9.489701515832454e-5,124291375,19.4,0.07650551425548978
17073,2.0206510537695244e-4,6001790,17,0.13119160609548586
17075,3.795459250569319e-4,6308370,30,0.1554882682431865
17077,2.2304577585615263e-4,17325820,41.5,0.1264580234079972
17089,8.266197403768399e-5,47026015,13.4,0.07341481926404797
17091,1.2081256166004849e-4,24271933.5,31,0.11579793892977634
17093,9.954336417270014e-5,13944388,19.2,0.08353857733170027
17095,1.993032424404546e-4,13749110,37.2,0.07696428326412381
17097,9.804796818303912e-5,92925208,19,0.06894158009545086
17099,1.835849606020064e-4,24786735,31.2,0.06739761129716264
17105,2.738375595596692e-4,7859980,28.9,0.17252280778870355
17111,1.1635912602026162e-4,45422913.5,21.1,0.0942210184685896
17113,1.246010130386113e-4,18859690,16.2,0.10645556800994949
17115,1.2474217818694665e-4,27537154,35.6,0.09136034665728321
17117,2.200413677771421e-4,8682500,25.8,0.1195906207560556
17119,1.5932412405355323e-4,78861310,42.1,0.10730188707636663
17121,3.047300281495026e-4,10169910,36.6,0.12741946013233962
17125,8.758484782132691e-4,2853870,27.3,0.1373907048357446
17137,3.721835723897048e-4,8669660,34.7,0.11585292074896873
17141,1.9900401791782144e-4,7108250,18.9,0.09941032980468227
17143,1.3675757163258024e-4,38699754,29.9,0.08979067818058524
17161,1.4949437549187188e-4,21718096,21,0.08603530335070599
17163,1.1275946897381927e-4,53993605,29,0.11566807080492332
17167,1.575733416842556e-4,48577670,35.6,0.13010377328383957
17179,1.3489741884404019e-4,29842355,32,0.11692860639512297
17183,1.6868968605104822e-4,26459820,46.2,0.09109483225954947
17195,2.1161972015652423e-4,8908860,21.7,0.0990373908348746
17197,1.0553105991604671e-4,95760810,20.5,0.08594859372068288
17199,2.2316950409299418e-4,34695355,75.8,0.07505914418630961
17201,1.3849186017847505e-4,79433549.5,38.6,0.08241276199062501
17203,3.189980559285192e-4,5245880,19.6,0.09102913562395272
18003,1.3080922726428702e-4,72614102,29.6,0.14055901722307554
18005,1.632229236728456e-4,36051504,68,0.08766234536020812
18011,1.8039851108845586e-4,15224390,39.8,0.1414848531542103
18017,2.7641140115633645e-4,8400330,30.7,0.16421427043420564
18019,1.6171267587056955e-4,55662079,74.3,0.10183093420498435
18029,3.127002437708109e-4,21104020,60.9,0.07475610195479016
18033,2.3394001777944136e-4,7870630,26.8,0.16671831839765217
18035,1.3237023830636806e-4,55244760,67.4,0.0818892702435724
18039,1.210592727043632e-4,41694210,30.2,0.1193751928285804
18043,1.6493946128323542e-4,47106936,91.6,0.07306188982728641
18051,2.9607698001480384e-4,11839040,50.8,0.15456601546851192
18053,1.880658706229182e-4,29378310,60,0.12596656650878077
18055,3.050547573289405e-4,10317530,44.7,0.11137405622569589
18057,1.0621331628906327e-4,55916778,30.6,0.1308275357081324
18059,1.7838514035912857e-4,18633320,39.4,0.10453866642611147
18063,1.4001612065915985e-4,41477158,42.6,0.12523793888689547
18065,2.2670596236681024e-4,24445220,71.7,0.09207199855659043
18067,1.697244397422863e-4,40780690,69.8,0.09450812366939143
18069,2.73000273000273e-4,10309940,39.4,0.17776453701557118
18071,2.506608331054598e-4,17825208,60.7,0.12139406465691997
18077,3.719041902708585e-4,12390460,54.6,0.13005174312556603
18079,3.6025650262987244e-4,12125020,61,0.1175026594585971
18081,1.416484644545728e-4,54347760,57.1,0.10004980987681822
18083,2.635323998438746e-4,21251150,79.2,0.0984732038307115
18085,1.4849293798634041e-4,18017865,33.5,0.1446766135365749
18089,1.413718023058866e-4,129986666,37.6,0.09340461204784263
18091,1.426496265689096e-4,33338560,43,0.13316503201011676
18093,2.1889026441188834e-4,25853570,80,0.09681948847182471
18095,1.8030588847002722e-4,71458784,77.7,0.09364510266649245
18097,1.4835636362739465e-4,329730683,53,0.08721078631343508
18099,2.3351094317192774e-4,12460610,37.9,0.11244318169915486
18105,1.2730677114284412e-4,39351720,42.1,0.05098159572066977
18109,1.7928661839701243e-4,32676586,67.7,0.1130050360756019
18127,1.7308999585876144e-4,48426182,42.8,0.1270697545999632
18133,2.656507538053173e-4,10378380,39.1,0.11546199272243458
18137,3.8675198649883977e-4,11341610,57.1,0.09154864254986143
18141,1.3855617702524157e-4,65236340,35,0.11259123016250332
18157,1.1303949044544162e-4,42447586,36.2,0.13134051253071477
18163,1.9919591709933557e-4,89647075,72.1,0.11378542112162875
18167,2.3154256505539725e-4,42475928,56.8,0.08873491586640946
18173,1.9920579525890096e-4,15584688,38.3,0.1415434921290102
18177,2.486492201553411e-4,26849930,55.6,0.10244614177546973
19013,1.3242453373514751e-4,22959690,25.5,0.07858733984619604
19045,2.5526483726866624e-4,9997140,29,0.09710361185189431
19049,1.435600696810747e-4,5635590,13.2,0.049235918462924355
19057,2.7906740746378464e-4,10835100,38.4,0.08527612087246454
19061,1.4248101407973835e-4,15015750,23.2,0.08892907472893245
19099,3.002101471029721e-4,8102310,31.3,0.059264354140439034
19103,1.1898608537033018e-4,12158306,13.7,0.07909684595894884
19111,2.91587694999271e-4,11368600,45.2,0.13818208249155214
19113,1.4909387131095632e-4,33753003.5,23.2,0.07021551390655183
19153,1.4364955626092456e-4,129633553,44.2,0.08470108355499058
19155,1.865409191933029e-4,21186485,33.1,0.040145920660048816
19163,0.00017125185082114951,36360103,32,0.07613116609510828
19169,1.0618098313438365e-4,9650155,15.8,0.08807886777503303
19179,3.123935022151539e-4,9388600,37.8,0.08416345300132601
19181,2.112557039040054e-4,8151440,25.8,0.11063992354519546
19193,1.1710373666838815e-4,14273292,20.1,0.09608453330448574
20015,2.132302410214759e-4,21940000,48.6,0.08332838604625863
20045,1.4253828160832986e-4,20682860,26.9,0.07788962479273158
20061,2.953773445576724e-4,6793740,32,0.1089445771388332
20091,1.4859910669750775e-4,166185694,44.8,0.1448148599282638
20103,1.837294036408779e-4,118021330,226.5,-0.08869654149309864
20121,3.2874092226771467e-4,8638480,38.8,0.08724481520843631
20155,1.7937252753564967e-4,18793540,42,0.15000714813459737
20161,1.3466749889078214e-4,13280210,27.4,0.08763051331791771
20169,1.8270179413161836e-4,17521910,45.7,0.09466776480625683
20173,1.743078650112669e-4,164282117,48.5,0.05496071811419064
20177,2.062306971139895e-4,41492770,33.8,0.09357884767925732
20209,1.5207909528081723e-4,36599850,33.7,0.09316582223773535
21009,2.988699743213377e-4,21751126,74.8,0.12671538030441418
21015,1.487809284369434e-4,51822235,64.7,0.056179771270843316
21019,2.3409119297584574e-4,36819430,106.9,-0.0016379668095823363
21021,3.34179922470258e-4,16214520,81.7,0.11377786328685417
21029,2.246737742943052e-4,20767810,40.9,0.10815995971398473
21035,2.873413092314926e-4,14635835,57,0.06979010583972871
21037,1.2303594456271436e-4,34267460,55.2,0.07016449054698266
21047,1.701838920587495e-4,21492250,41.7,0.07086696948020592
21049,2.796655200380345e-4,17901390,72.5,0.0623436036052506
21059,2.0146721681898387e-4,38240695,57.4,0.09653468286064933
21067,1.262147182828836e-4,80949436,40.2,0.03921823270875149
21071,3.356744474282173e-4,47360434,168.1,0.16597101949852439
21083,2.693892944694378e-4,14077360,54.3,0.08627804974928001
21093,1.3556001546388347e-4,26242510,37.4,0.09539069752896363
21101,3.02941792173549e-4,26050890,81.2,0.08050603114189085
21107,2.5040239024837283e-4,31560881,96.4,0.13055766649933095
21111,1.6290666239194835e-4,308104226,60.6,0.07822086898432466
21113,2.2111986793255879e-4,16899450,51.6,0.07393337032198143
21117,1.3251506437854103e-4,59197594,53.6,0.0638624218489265
21125,2.078525918572066e-4,26167610,64.5,0.04788062106182082
21137,4.1030690956835714e-4,7354960,42.4,0.104157642280168
21145,2.084360193496061e-4,48799934,107,0.07891814340938325
21151,1.5394153350034746e-4,30295861,53.1,0.09914592413699685
21157,3.7498849328556407e-4,13865840,63.2,0.07634557697043702
21167,4.690651531497725e-4,7359685,49.3,0.1356909546281028
21177,3.20728695596395e-4,18195250,82.5,0.06572893126203196
21179,2.6292725679228745e-4,16140580,54.3,0.1290960029427341
21195,2.0479942152644193e-4,66785120,146.1,0.014700865117626952
21199,2.072169337951185e-4,29044240,67.2,0.05974947875530828
21227,1.591823044892901e-4,36720068,48.2,0.09648845558808233
22001,1.8110930702658833e-4,17087968,40.1,0.04976412336140473
22005,1.395265999916516e-4,35165130,49.3,0.03411335520217299
22009,2.5938922551244396e-4,13546860,46.1,0.09767265285058185
22015,1.561922484832345e-4,24219553,30.6,0.04755531584527691
22017,1.293223493526563e-4,73927534,41.7,0.05112779136157349
22019,1.9214849377746735e-4,56035383,42.5,0.04482630289224291
22033,1.093551217758582e-4,139189917,45.8,0.036983772666542826
22039,4.4485806529737657e-4,17076330,70.5,0.09879145172157798
22045,1.4384971444391642e-4,21391070,41.5,0.09940300602802819
22051,1.42029621489092e-4,189981351,62.8,-0.05700594040531596
22055,1.4174516633662235e-4,86640148,57.9,0.025201198931187958
22057,2.0594317497736427e-4,28837659,43.3,0.047693653010411875
22061,2.3025076401389876e-4,8160700,25.7,0.09150264841814547
22063,1.8531500329043232e-4,52910190,62.1,0.07294386934241766
22069,3.0641948827945457e-4,6220990,22.7,0.0730651259958016
22071,1.148837919209341e-4,50037679,24,0.09881817448849996
22073,1.1509950952372275e-4,35323510,33.2,0.062303525376511036
22079,1.6779040171517725e-4,51838610,56.5,0.11598639672515132
22085,4.1635440086601716e-4,5674430,33.7,0.09281398152138871
22087,2.1644084671659236e-4,14594480,71.8,0.1043537158975521
22089,2.2780159845504525e-4,14339366,39.1,0.02600052571188562
22097,2.0077166250578602e-4,34031130,57,0.07954948107477171
22099,2.3804181641338872e-4,12464190,34.4,0.10077042800663154
22101,2.0544235474291692e-4,18180123,48.3,0.09232582209645755
22103,1.601125902948636e-4,95464351,59.7,0.00978925919086493
22105,1.561922168867011e-4,45833755,55.7,0.04829214715046295
22109,1.3264534008714055e-4,31411286,40.5,0.0859138365840646
22113,2.1739940716568903e-4,12874405,32.2,0.05726951581772841
22115,2.665641422954294e-4,12084720,34.7,0.17594776449354918
22119,2.458331284723929e-4,11595220,40.2,0.06434022386819804
23001,1.8429217421374149e-4,35215130,46.7,0.098152549732899
23003,2.0914315196221285e-4,21125610,41.7,0.011576865875599288
23005,1.382260583974136e-4,76147985,38.9,0.05326034656193187
23009,1.9537289445807298e-4,15781480,41.6,0.03883838753235199
23011,1.9022026481764552e-4,42333430,49.7,0.04219770676386501
23013,3.0193236714975844e-4,10867450,38.6,0.02331293796428256
23017,2.312372361506904e-4,14757790,36.6,0.06745942356601649
23019,1.690956650591912e-4,59720732,56,0.020671531831570205
23023,3.390596745027125e-4,8862110,35.3,0.0747465557045726
23025,2.7407188198667995e-4,18989890,52.1,-0.0015645611529290966
23027,3.556549131185855e-4,9872840,36.5,0.011315728179034756
23031,1.8755556946958998e-4,49232677,35.5,0.07702883077113143
24001,1.8502024352920119e-4,29733930,57.2,0.06070965295318089
24003,1.2679783123505662e-4,124559849,33.9,0.04993755854730936
24005,1.0398239537259315e-4,212423571.4,38,0.08196776621797981
24009,1.5190701074854415e-4,27150403,44.1,0.09174729528196977
24013,1.443025674939325e-4,35903546.3003,30.6,0.08526428820505894
24015,1.639814104838499e-4,36132010,51.6,0.031809390966601715
24017,1.1907668654517718e-4,34910782,34.8,0.057933554971156355
24021,1.1060295603019686e-4,48075632,30,0.08244926687159344
24025,1.1497205783098682e-4,71124693,41.9,0.08636282992699768
24027,7.918189959112817e-5,46132435,23.6,0.07296694904938754
24031,7.189981480377546e-5,104031619.5,15.7,0.05628021153067401
24033,5.945145943395831e-5,99958278,16.8,0.05878089986851063
24035,2.4733598532473153e-4,10011784,30.5,0.04729094220793353
24037,1.2584581927989162e-4,24300772,34.1,0.07038736976420285
24043,1.5072616019036182e-4,41473760,40.6,0.11180601589693218
24045,1.1773873107961796e-4,30007951,44.5,0.0822843321842782
24047,1.9438612860586267e-4,16013470,45,0.04505767729011902
24510,8.60320146618864e-5,133721503,30.7,0.0021521912883169514
25001,1.3715515290386817e-4,51427063,33.7,0.022669760791746114
25003,1.3453530093776586e-4,32603610,35.5,0.007310312788357161
25005,1.178137007206316e-4,134595107,35.2,0.05061658562172124
25009,9.314494120256143e-5,170979882,33.2,0.08468694816878812
25011,1.4138020599825288e-4,13314990,26.6,0.05458123815529131
25013,1.0237079502869385e-4,121634421,37.5,0.053635100200881726
25015,1.0178255131944674e-4,34396870,31.3,0.06311907253555167
25017,8.709184556270951e-5,203893654,19.7,0.03333149337727751
25021,7.856999212886363e-5,109245217,23.6,0.02001111127741671
25023,9.535260304777845e-5,110488854,32.1,0.04923088142626628
25025,5.56952265248702e-5,102569336,20.7,0.012213871876735486
25027,9.659428493149756e-5,190234899,34.3,0.04489434734518825
26005,1.49955987668132e-4,19498690,25,0.10458709096037366
26007,4.216147846251142e-4,10457210,49.9,0.08404749426658024
26015,1.9380318508841501e-4,10105375,24.3,0.10317668112788025
26017,1.8960630288119927e-4,35874822,47.4,0.09222440425984879
26021,1.629317626523082e-4,44305500,40.1,0.0886732653085069
26025,1.8586103062804684e-4,51639614,53.8,0.08119887664298986
26027,2.455068949480994e-4,5743390,15.7,0.09885828551166853
26033,2.870488765950784e-4,10469460,38.3,0.038052544369153306
26035,3.2730010146303143e-4,14335480,65.8,0.05033772764479514
26037,1.5825632842347652e-4,15417090,30,0.06599776401037322
26039,7.190623427051126e-4,6785520,67.4,0.034704648989343556
26041,2.735304576164556e-4,12026544,45.9,0.12051404941669856
26045,1.5804344966801812e-4,29820545,39.5,0.08730945309770517
26049,1.3087134717734125e-4,149233234,49.2,0.09415237652099591
26055,1.752609199834051e-4,29378495,48.8,0.09379020017884514
26059,2.510741590796803e-4,8888075,27.1,0.09004785580815183
26065,1.347843132305893e-4,71010066,36.1,0.10437425243049081
26067,2.0744759675686458e-4,11150800,24.6,0.09460342570035789
26073,1.829362678186961e-4,14592290,30.2,0.1265577249752208
26075,1.3043293020067673e-4,44721092,39.5,0.07801268949706165
26077,1.2381656999871157e-4,63456978,36.7,0.08677023042604788
26081,1.1386588820673095e-4,127826555,30.4,0.09255966433020214
26087,1.744197663205783e-4,21551400,34.1,0.14254205210912552
26091,1.6202957134917547e-4,26620630,37.7,0.1054952661493936
26093,1.5390440727363993e-4,33859100,26.6,0.08414122174536676
26099,1.4539925792793535e-4,285395196,48.8,0.13065413760237368
26103,2.2465566964230912e-4,15683240,33.8,0.05115531795143219
26105,3.439617514532384e-4,11740090,58.4,0.14285829140326547
26107,2.765550459772764e-4,11662360,39,0.10295650187923666
26111,1.3556952789391667e-4,31775290,54.3,0.08220192116299944
26115,1.4966114715388675e-4,51730490,48.4,0.09923704059710621
26117,1.7412393709888432e-4,19497780,43.9,0.12781445902224986
26121,1.516447121622093e-4,67933851,56,0.09820490771985997
26123,2.3910448125243736e-4,16819070,49,0.11326430938849119
26125,1.2632975017429755e-4,308535930,36.7,0.11172779421695604
26139,9.302830821994778e-5,40626136,22.2,0.09244464755034631
26143,4.603473530027202e-4,12919365,73.8,0.08260965678243237
26145,1.1365250928252871e-4,61010410,43.1,0.10019612845059767
26147,1.6142829847901123e-4,52501920,45.1,0.1205187441355217
26149,1.806114087727875e-4,17388910,40.1,0.09970620287150427
26151,2.869234631662004e-4,8317740,27,0.1371985778582567
26155,2.255177232800511e-4,22127495,44.1,0.00827630656934153
26157,1.9787755721704123e-4,11527090,29.1,0.12360227525659957
26159,1.5955869152586881e-4,25914840,48.2,0.09106309701307891
26161,9.860932484222363e-5,63162760,26.2,0.04222337527253889
26163,1.1825903234005442e-4,618073160,46.8,0.13858544472802967
27003,1.4513206616126187e-4,57767087,25.2,0.07370187484108075
27007,2.8465075541931245e-4,5604500,18.3,0.011284284561216976
27009,2.5039437113453687e-4,4995061,18.6,0.10671442159740169
27013,2.1161100890607917e-4,8870627,20.4,0.07396262812713235
27019,1.2899333348109546e-4,10446360,16.8,0.08042260536096606
27027,2.04502194465856e-4,7293112,18.4,0.11211237058870473
27035,2.0951958885657732e-4,12807030,29.6,0.08960399720587801
27037,1.2182954608351507e-4,54248141,19.7,0.08864875041845843
27053,1.1418688101293441e-4,195431745,24.6,0.05439237792425825
27059,2.602201462437222e-4,8772620,33.1,0.1032278258624536
27061,3.1577535377418515e-4,10093640,32.2,0.08226208661883798
27067,2.8207418551078934e-4,4653312,15.9,0.11194701644161457
27109,9.621540845111226e-5,24803444,25.1,0.06162454390872698
27111,2.505242030308564e-4,7850550,19.5,0.13120386865895348
27119,3.167664480978175e-4,4614170,21.1,0.13984467803743597
27123,1.2525752094621922e-4,86385094,24.5,0.08630492382573729
27137,1.846641568375273e-4,54875571,39.4,0.059199062199371176
27139,9.193490250821094e-5,13759531,15.6,0.06638360428440863
27141,1.6283430898757307e-4,10043556,16.6,0.11772077198686094
27145,1.241465857822226e-4,20593195,19.9,0.06672413045960139
27163,1.0890239038964542e-4,40557636,25,0.062220713066144996
27169,1.957062058437873e-4,9142110,25.6,0.1080819483881862
27171,1.277933462637384e-4,18162040,21.6,0.08815913285883568
28033,1.3358386347572693e-4,38149214,35.5,0.09345860057346593
28035,1.640441921294633e-4,45605580,86.9,0.10091056556515081
28045,2.7051278070137766e-4,12330190,41.7,0.10514135857016187
28047,2.0943872424430032e-4,70190778,55.2,0.09913806553319733
28049,8.584310245947078e-5,37504355,21.7,0.09440814908453739
28059,1.5567786411513132e-4,50978217,53.5,0.07172985728291331
28067,1.545459687004203e-4,26240390,55.9,0.13792666103148454
28073,1.6355065908748987e-4,8127890,22.4,0.09594647709291061
28081,1.351475597294821e-4,26529527,46.6,0.11354917417220094
28087,1.6895887540972526e-4,17078030,41.1,0.14894834099688883
28089,1.3173022370875143e-4,23792580,37.1,0.10500418810329615
28099,3.733496249533313e-4,15213870,73.4,0.05815151801885284
28109,2.716228848614831e-4,19941092,50.9,0.0882498959859297
28113,2.9956562983673676e-4,16811955,59.8,0.11559548536216031
28121,1.4726374893526378e-4,37164117,38.4,0.11847722329939747
29019,1.2175515884541451e-4,31168810,28.3,0.07736343748972334
29021,1.9621624158808572e-4,38750610,62.8,0.08446317106062402
29023,2.3354416679027015e-4,29481540,99.7,0.04325416146723408
29027,2.662052442433116e-4,6744200,22.1,0.06450368949339413
29029,2.465622414948246e-4,15250650,51.1,0.09547114108149972
29031,1.8203200085444533e-4,28488615,55,0.10718198177021199
29037,1.9820885507100877e-4,26510440,38.9,0.10576928568751076
29043,1.557611526607604e-4,20645030,39.9,0.07045871209886441
29047,1.8938302407648557e-4,58793322,39,0.09209613467193052
29051,1.5655945046712217e-4,19558575,37.5,0.0918485728942436
29071,2.242777712016379e-4,33403420,47.4,0.12156337849498478
29077,2.0377604499118251e-4,102652634,54.5,0.07171496286105124
29091,3.233844051395739e-4,19734980,71.2,0.11517420331371335
29095,1.7914094622677754e-4,166071296,35.4,0.08467079729769285
29097,2.5984754534000905e-4,42103958,52.4,0.07099115179455913
29099,2.0772887039247916e-4,53947853,35.7,0.11650504039489284
29101,2.3406008622037705e-4,7648370,21,0.1266547335273928
29105,2.817695125387433e-4,11851446.5,47.9,0.07678454812249151
29113,0.00024037020347737571,11380158,31.7,0.1440139085354851
29143,5.581914596706671e-4,3655300,28,0.10534028229618854
29145,2.276676634720373e-4,9566120,23.8,0.10217624372050775
29159,2.6032422198556387e-4,8403470,29,0.07413930234451514
29161,2.3441168674448687e-4,26062525,84.4,0.06050924316204942
29165,1.710468326025268e-4,18486630,30.4,0.11159390835414928
29169,2.5769316744644834e-4,11713290,34.7,0.07114004030763409
29183,1.4578914840115948e-4,70373960,28.8,0.10447273129266214
29187,1.9013583290706338e-4,40960760,91.5,0.09644438085862839
29189,1.3794443979187624e-4,218775210,31.3,0.10123568850700689
29201,2.9594241750847527e-4,22056000,79.6,0.09712297737090814
29209,4.6673872488027914e-4,9811150,44,0.08816464878369008
29213,2.4298679946200636e-4,18275400,53.6,0.08609441261375683
29219,3.200186192651209e-4,6341770,28.9,0.12282175550754339
29225,3.735026545367233e-4,10623660,42.6,0.1156891406547113
29510,1.2415149871199555e-4,53480545,23.6,0.14747113071955997
30013,2.713658181949132e-4,24419380,43.2,0.060923126215491896
30029,2.383081972355805e-4,32064306,51.6,0.017813610107504096
30031,2.1738211757349344e-4,13274170,21.6,0.0974977920128639
30047,4.943862107849356e-4,9308860,46.7,0.11305320246774164
30049,2.5789517524003023e-4,15689540,36.5,0.053286466030878575
30053,5.248792777661138e-4,8351810,61.6,0.08015382769400677
30063,2.619010006448111e-4,29114445,38.9,0.0560871804784302
30081,2.885435310133706e-4,11943040,42.6,0.07066334450487198
30093,3.6420492534998985e-4,11392150,48.4,0.07769730970931983
30111,2.459874767847561e-4,38822365,38.7,0.07471010875161649
31001,3.165859372526672e-4,5537033,25.2,0.09440794690532905
31019,2.2118555457250865e-4,5500250,17.3,0.0821264979152427
31055,1.1129450540834596e-4,98240473,27.8,0.058907985895005975
31109,1.385183377463356e-4,49423851,25.3,0.057623717112352944
31119,2.85591889190347e-4,5707040,23.5,0.07082471873548635
31153,9.603004138706802e-5,25340678,23.9,0.08133133799223062
31157,2.713851498046027e-4,9497790,37.1,0.07610049320275562
32003,1.837115598556749e-4,745110939,56.5,0.04565240362890186
32005,2.5116109928329536e-4,16892990,51.5,0.05876214501235962
32007,2.673230432440695e-4,12086020,36.3,0.10411691960409646
32013,5.937537109606935e-4,4461140,39.3,0.12702557424905506
32019,3.27567177332729e-4,15349658,42.7,0.13062774989650194
32023,3.6822224105539654e-4,29557843,96.6,0.04756054899311422
32031,2.281039331725262e-4,133415800,46.3,0.0744971586332892
32510,3.156550793609494e-4,25105185,64.8,0.05121025818739017
33001,1.9254558533144593e-4,14468960,34.3,0.059452078276415334
33003,2.5243426784889205e-4,11103910,33.2,0.08835065439966898
33005,1.8670775716093487e-4,14927020,27.5,0.07414194699196996
33007,4.3696744592527855e-4,8219920,35.3,0.08940892654929063
33009,1.6800164291151245e-4,23704079,38.5,0.06650951611472226
33011,1.8632191669268805e-4,68540725,24.5,0.052412510363145
33013,1.7561696208236914e-4,37736090,36.7,0.04939846776192754
33015,1.5335018318891495e-4,63191780,30.6,0.06226330103069555
33017,1.6132999618440495e-4,31228710,36.5,0.06481696999002194
33019,2.942059180471766e-4,7838890,25.8,0.028368960059496646
34001,1.333522111415904e-4,73621097,38.6,0.037492649406683155
34003,7.813125781409973e-5,118471276,18.9,0.07005470708041628
34005,1.0984377462287637e-4,98843372,31.5,0.08097435583581426
34007,1.0290835988805582e-4,152026816,42.2,0.05543560759089008
34009,1.3695729388853704e-4,27252386,39.9,0.04673817290998707
34011,9.307649375709722e-5,41779811,38.4,0.09734830575836217
34013,5.694671602108831e-5,93500795,17.1,0.03270099267777286
34015,1.1186174174102509e-4,84627929,42.4,0.06585151486182515
34017,6.458795905391103e-5,65981691,15.3,0.06698674416668042
34019,1.1770576416705721e-4,15543410,17.3,0.07642790952187108
34021,7.792249044264887e-5,54919709.5,21.5,0.07938315052148186
34023,7.140731930650775e-5,137418883,24.7,0.08082057919466562
34025,9.459212702957167e-5,121791490,27.6,0.04407991920374904
34027,8.570036735790286e-5,66849768,19.5,0.06721303036433103
34029,1.0454266256095746e-4,127808630,32.1,0.06820454626981937
34031,6.166555701134449e-5,64252125,18.6,0.08497202499764685
34033,2.001856584263735e-4,16448840,35.6,0.05366450550295506
34035,6.842353607013669e-5,35057841,15.7,0.09037533300220063
34037,1.596266148883039e-4,27753763,26.4,0.08722121777699142
34039,7.018303792313248e-5,74310147,20.1,0.06349312420702012
34041,1.496233548331605e-4,20520277,26.9,0.080024451334982
35001,2.1565638220051548e-4,200552004,44.5,0.06997936178971136
35005,2.1712276301469444e-4,17921170,40.1,0.08428888158511821
35009,2.58226142814888e-4,10501500,32.2,0.1569087238179124
35013,1.5772261442987648e-4,34962632,24.9,0.09923854701609891
35015,2.7980887760175916e-4,16935430,46.2,0.12962261720723156
35017,4.811657959857025e-4,10560210,50.8,0.08350743118129672
35025,1.6639921355344627e-4,15672554,36.3,0.09888247834384335
35027,5.115282301285458e-4,7359510,51.2,0.0725711229159346
35029,4.4989775051124743e-4,6072830,34,0.09335246438578815
35031,2.2891285564600157e-4,7116090,14.4,0.04282239625244988
35035,2.6611077162437026e-4,13831430,31.4,0.0683355931405273
35039,3.3510385402634997e-4,13190420,46.8,0.01681058508252246
35043,1.8522033011895866e-4,24325590,28.3,0.08171661561698042
35045,2.597319778952091e-4,22375725,25.3,0.05298457016122706
35049,2.5342369901608727e-4,44085450,44.4,0.09920517190295103
35055,3.56663820131271e-4,10079700,44.5,0.10886538178582707
35061,2.423924781721974e-4,24459520,47.3,0.06932380887351292
36001,9.658397720416297e-5,52759730,24.9,0.07091207695632858
36003,2.2864744642374607e-4,11227720,32.6,0.03236742520902421
36005,5.6209161887140476e-5,133938680,14,0.11806455070968995
36007,1.2344328087531757e-4,56680470,40.5,0.09365260985086253
36009,1.61346612863288e-4,23467030,41.5,0.054913544674950764
36011,1.3341941285382002e-4,14058764,25,0.09735487825153814
36013,1.3616262970793104e-4,42918420,45.4,0.07976368446563568
36015,1.4375550666197458e-4,22289050,35.9,0.1221309675505458
36019,1.5579845626747645e-4,21246940,36.9,0.07864733557732828
36021,2.116579788756764e-4,13933020,31.6,0.06557287920696915
36025,2.6360301386112514e-4,12402264,37,0.07862820172502206
36027,1.2638133762960622e-4,59935295,29,0.08896385157744814
36029,1.1338634752823892e-4,312646833,48.5,0.03766882162387708
36035,2.0373388650170396e-4,12523530,32.3,0.07754409467121588
36037,1.7099278410451078e-4,14481300,34.7,0.06932286644130135
36039,2.6287855791777873e-4,13828840,40,0.08953963587166236
36043,1.8771893286675628e-4,14323560,31.9,0.08057267496686038
36045,1.4165533454839143e-4,20720260,25.6,0.11092795034811742
36047,5.14838718339788e-5,193257281.3,11.1,0.06997615657497291
36051,1.6337229345051357e-4,11938910,26.2,0.06481931609059562
36053,1.6650449489836517e-4,15841062,31.3,0.08911103382800249
36055,9.374667846196251e-5,168921432,32.6,0.05062766567573731
36057,2.0041285047197227e-4,13252780,38.1,0.11061971307759773
36059,7.101628476594861e-5,261780431,28.1,0.03834388475926104
36061,8.275679175044792e-5,213144189.5,19.1,0.06867190531182844
36063,1.5228909265688675e-4,77035905,51,0.033530663205523815
36065,1.0927564815839208e-4,56556814,34.5,0.06342761443647826
36067,1.0525820183735281e-4,123786547,38.3,0.07002305398490548
36069,1.259049400905274e-4,24683740,33.3,0.021151240936432964
36071,7.930758114068975e-5,82730360,31.9,0.057236496450984164
36075,1.635878813376516e-4,29114405,34.1,0.10032921847329494
36077,1.7162483748494418e-4,17517740,40,0.07268428943681937
36079,1.2079880255784382e-4,14979750,21.5,0.04112972372269271
36081,6.20859962717225e-5,176805730,11.4,0.08009225374176852
36083,1.087843966710338e-4,30446110,27.5,0.07808572435526161
36085,6.942531102332936e-5,110354990,33.8,0.05022585967670876
36087,6.330142885871399e-5,46848156,22,0.06739946329532846
36089,1.0640577967733044e-4,23957770,30.7,0.07047571040099825
36091,1.237716361608733e-4,42195100,27.8,0.0781814119725729
36093,1.1085420243829721e-4,27389680,25.6,0.10940287009118972
36101,1.5434552196103368e-4,21889300,31.8,0.0493919823472293
36103,9.211776440439514e-5,345180031,33.2,0.03207544415903326
36105,1.7147346008610404e-4,27245290,50.3,0.06950608167799018
36109,1.4378885670843553e-4,18487260,26.3,0.07371662362250268
36111,1.2111697327712428e-4,43367700,33.9,0.07328932329257677
36113,1.7004699480583724e-4,20185960,43.9,0.09592840354686105
36115,1.7535349734788857e-4,12635370,28.7,0.1035020324155459
36117,1.2318871912750113e-4,20708210,31.7,0.06522647079405132
36119,7.038881747649035e-5,120521446.5,18.3,0.05705509937085396
36121,2.469562640456375e-4,8996780,30.4,0.01615163675412362
37001,1.3755815194533018e-4,37891057,36.9,0.0598686669750931
37003,2.9389761675750774e-4,10007960,39,0.07199821299198635
37013,2.2657538612659326e-4,15421990,46.9,0.09441467226718125
37019,1.4377525200671051e-4,43841090,61.7,0.044837720044627126
37021,1.9452280095834105e-4,73681142,45.3,0.054384678364948834
37023,2.0836991103555597e-4,43093145,68.2,0.07583203947965012
37025,1.2627419307038922e-4,49973870,42.4,0.06170164570050992
37027,2.0097112142637423e-4,35588890,62.3,0.08220108071410366
37031,2.1799286597261943e-4,25234520,55.6,0.04614785400709783
37035,1.7207463720891736e-4,67375275,62.8,0.1002199476079491
37037,1.505783191037472e-4,9471210,22,0.08520760443346215
37039,4.041443162612977e-4,14558944,76.6,0.09762422538083138
37045,1.9565325066794165e-4,37959244,55.5,0.05556265317385056
37049,1.370385004293279e-4,36586430,52.6,0.08956510529321349
37051,1.485400178476216e-4,77444020,35.4,0.10132862222220973
37055,3.047175822044932e-4,12766475,54.1,0.10546891266230662
37057,1.6770013954567797e-4,45577945,40.7,0.06604499316738784
37059,2.4600413649845086e-4,12124150,42.8,0.07406496989067117
37063,8.92185648854666e-5,50832899,28.1,0.03236803200798991
37067,1.1769244943929844e-4,93103418,38.7,0.09495266466272793
37069,1.6159004387172814e-4,10881098,26.7,0.0445606614078816
37071,1.614466656737304e-4,80096265,56.5,0.06020886932728048
37077,1.8803418803418803e-4,14470190,35.9,0.018454909322753954
37081,1.1168499678702318e-4,112060253,33.8,0.05610111348646746
37085,1.4329283649050333e-4,26983429.4,35.4,0.11546210887233059
37087,2.4285514114270193e-4,22390760,54.9,0.041964294477296694
37089,2.061820932314302e-4,37184885,51.4,0.01540271465191199
37097,1.3492797582509135e-4,53962294,50.1,0.03302347622069265
37099,2.44385248906376e-4,11722410,43.3,0.09468733797465294
37101,1.2527848514535102e-4,34668630,31,0.0701694727748426
37105,1.8443999806381806e-4,22028240,56.4,0.08914961477201887
37109,1.4940821137095317e-4,23446740,44.6,0.03197848095794655
37111,2.2227655649158685e-4,16603255,53.4,0.07238450243049971
37113,2.9238911142949036e-4,10201710,43.8,0.04629579153072925
37119,9.981943464018798e-5,137656407,22.4,0.08421102126210034
37125,1.5827831431019257e-4,34862050,58.2,0.08954648721328366
37127,1.3371574213684353e-4,26869200,40.8,0.06934361541854928
37129,1.4862566461362002e-4,66091015,48.1,0.08329773994538588
37133,1.8945402034317114e-4,37141680,31.5,0.10864441936805598
37135,1.0949537611831249e-4,17498560,19.4,0.02801039327424844
37141,2.0960135164931602e-4,9021600,25.7,0.07713616378668704
37147,1.1004194612397758e-4,41817218,37.4,0.10012866067607466
37149,4.915093359668406e-4,5483640,39,0.06051929118984802
37151,1.8183760036227765e-4,29880030,30.5,0.11751812047215415
37153,2.2252386568459467e-4,24199340,74.5,0.07443672832547453
37155,1.3295161253718015e-4,52438102,57.2,0.09878182439390985
37157,1.5574164323187373e-4,45232604,69.4,0.0648882137234334
37159,2.037777827178072e-4,44973378,47,0.05756629878159205
37161,2.2892649304305385e-4,23643650,50.9,0.06787699786333413
37167,2.2999181312885795e-4,21949140,52.3,0.07005359362751185
37169,2.8202067517723824e-4,13716510,41.7,0.09369945683976906
37171,2.5368360093396675e-4,41227030,80.6,0.08979122996217481
37175,3.708334195022066e-4,10987690,49.1,0.07929023936474144
37179,1.033024794652899e-4,33642564,25.5,0.09137667197282724
37181,2.4681385747621614e-4,22480080,71.9,0.04864525724160953
37183,9.295298356933705e-5,144368360,24.4,0.05778083088030711
37189,2.1393573407908994e-4,10799273,31.5,0.052865662492958466
37191,1.1262248964748177e-4,29823530,35.8,0.08226016049583144
37193,1.978792865408161e-4,26681450,55.5,0.032301067653587756
37195,1.591407660252281e-4,24631314,44.5,0.060325182807655975
38015,2.0162486254508036e-4,15429771,28,0.08913654535442139
38017,1.4803501408617426e-4,17852961,17.8,0.09084126567470734
38035,1.835082813753094e-4,10614020,22.7,0.11594010220309107
38089,3.2925062557618857e-4,4436580,27.1,0.07433407722417558
38101,1.9869023685943683e-4,6820830,16.5,0.13131514305287403
39003,1.4171642893959812e-4,22915980,30.8,0.09436004509455607
39007,2.088255679477731e-4,28838590,40.5,0.08339750476910808
39009,1.5108935424409996e-4,21306975,47.4,0.04262087793183881
39013,1.7400696186847586e-4,29974995,61.1,0.08000190623517837
39015,2.3864704177330124e-4,14927670,48,0.060403361894672526
39017,1.2546890466416872e-4,157804910,62.2,0.14595786066690206
39021,2.564957549952548e-4,7999030,28.6,0.08038344711186725
39023,1.5491133432330207e-4,44490804,45.5,0.03747548633605913
39025,1.4648200199111417e-4,66765800,48.9,0.06384993755183123
39029,1.871453471720094e-4,28091830,36.9,0.10798344327537084
39031,2.720348204570185e-4,7387180,28.6,0.0974243603860065
39035,1.2381075797308056e-4,267109356.5,29.5,0.07962494556668219
39037,2.2138368347279325e-4,7652490,20.7,0.09967934611357697
39041,9.219002193942953e-5,41877304,36.2,0.02377197317806577
39043,1.6913971985907898e-4,22404650,41.3,0.06829145138702104
39045,1.1738163366061955e-4,41684000,41.5,0.06067914464108343
39049,1.1861089886864318e-4,415305860,52.1,0.04421028829354897
39055,1.3825497057358687e-4,14741020,22.3,0.0796999729463634
39057,1.3856179808863662e-4,40158258,35.9,0.10103987521293278
39059,2.5472515156146517e-4,16493770,58.4,0.10637137789583768
39061,1.29883961488656e-4,254155134,44.9,0.05217463044510673
39063,1.5224556819345487e-4,14590250,27.9,0.05874438562517733
39071,2.5491695021594325e-4,17388100,57.2,0.06036283236145904
39073,3.4885749171463456e-4,9462960,46.2,0.07599592616517988
39077,2.211085915618516e-4,17725100,42.2,0.09367795464595491
39079,3.081759068076058e-4,24830810,106.9,-0.04010835561506341
39081,1.7279316033178897e-4,27172828,55.6,0.04909038521688499
39083,1.9732298483901732e-4,17255440,41.1,0.07875230899675507
39085,1.4121759044699074e-4,64928100,40.3,0.09145289986254206
39087,2.3578608560064076e-4,26040425,59.4,0.012434811964457207
39089,1.6141184066347655e-4,37698250,33.1,0.07948151165184335
39091,2.3149713960599636e-4,12373110,38.4,0.07253854199634947
39093,1.584786240781582e-4,67845758,32.3,0.1016873372758907
39095,1.3611681215107486e-4,164140410,52.5,0.06316356237085043
39097,2.269375770158619e-4,10405156,34.9,0.04851797479999357
39099,1.4768284194066289e-4,76029900,44.9,0.07540900609303969
39101,1.9440198391203832e-4,19157178,41.2,0.08387331678648206
39103,1.4138782840077816e-4,48158590,40.5,0.08127217900334964
39109,1.419830545092324e-4,24121075,33.7,0.08949667322046496
39113,1.5429348160777277e-4,175177195,46.4,0.07450287053244718
39119,1.675544514044892e-4,35396946,58.9,0.08859336103391359
39123,2.4299565037785823e-4,8790170,30.3,0.08760229727618235
39129,2.0143637879534125e-4,17814810,46.3,0.02413244994888804
39133,1.317801322287439e-4,32128745,28.8,0.08306011653408522
39139,1.466012017369171e-4,30293000,34.4,0.048639060267382385
39141,1.7775751840998637e-4,35275018,65.3,0.06799527317824376
39143,1.8582650561702846e-4,12651330,29.5,0.1309312352974963
39145,1.654377893527309e-4,37686098,68.5,0.017508824747331748
39147,1.9251636975117206e-4,15895699,39.8,0.0878074014739758
39151,1.8321802274899653e-4,119481839,45.3,0.09963394348156683
39153,1.658565191469963e-4,168170319,44.2,0.07454778285125856
39155,1.7825229350298968e-4,81844830,54.9,0.07524959181733519
39157,1.3819992953866241e-4,24951052,38.6,0.08871611625667197
39165,1.1400774401247432e-4,58474710,40.3,0.06392678739337788
39167,2.1516766526531828e-4,23340835,53.8,0.11792381741950131
39169,1.1572606626793914e-4,20679918,25.8,0.08249317977640015
39173,1.324358788563396e-4,29710335,33.9,0.014246432032470483
40013,2.520745735212225e-4,17741460,61.9,0.10311005584691202
40015,3.383293297695977e-4,10360440,51.2,0.12911547928044242
40017,1.7462550829466488e-4,34093070,44.7,0.0825990510718962
40019,2.3889202974226365e-4,21932091,66.6,0.12032003137337637
40021,2.2095397671053672e-4,18066518,56,0.1443528714296669
40027,1.7100790909677592e-4,70479231.3,41.1,0.06505510620484924
40031,1.5540770285512188e-4,33187575,39.9,0.05254734886507725
40037,2.5359205169858256e-4,28302170,58.7,0.06639832490822417
40041,3.618032272847874e-4,9372690,32.8,0.09693441278011856
40047,2.1620662379795818e-4,16543180,40.2,0.08607107335791198
40051,2.3508442763889214e-4,13108195,36.5,0.11027343817593534
40071,2.4443022539900373e-4,16512040,50.9,0.08105659738840228
40079,3.081697466313422e-4,20641900,59.3,0.10132986388066878
40081,2.8537183950687746e-4,8544250,36.4,0.15183478685224408
40083,2.9094043923881324e-4,7409490,26.9,0.09969539067752335
40087,2.949070560897754e-4,18140590,78.8,0.031089565805842583
40089,3.489193362733554e-4,17227590,74.2,0.030961210868977813
40097,2.772682033530049e-4,20633210,72.6,0.0713009406282561
40101,2.2103694955351107e-4,28818070,58.5,0.08420951141998052
40109,1.7392025317053373e-4,304336268,61.8,0.09499021510528789
40111,2.6827628630832006e-4,13535290,48.9,0.08447098651069325
40113,2.6074480001467336e-4,5008540,15.3,0.10116893377650964
40115,3.193663771078181e-4,9109850,40.4,0.07982935540520723
40119,1.894364896854554e-4,27392580,51.5,0.09173862398874814
40121,2.6086240756921275e-4,19614545,62,0.10013349783342095
40125,2.399887207792344e-4,33099410,68.7,0.09077605404551754
40131,1.633337660965711e-4,32323078,54.5,0.0791236401165556
40135,2.5059688825854534e-4,16407780,56.3,0.1604750610518686
40137,2.681602491432231e-4,26097120,84.3,0.08894651350045357
40143,1.8735055982122844e-4,275213174.8,66.8,0.08052523794310273
40145,1.9771029195641545e-4,15927590,32.7,0.13542638652503425
40147,2.3067028934894786e-4,17827065,50.7,0.0783682835111212
41003,1.5234207048414697e-4,17565910,30,0.08014249868235036
41005,1.6297247524451223e-4,141877060,54.6,0.061402202114524795
41007,2.8473066220200034e-4,17962800,69.6,0.05030541468408054
41009,2.6606961063757156e-4,15548040,45.4,0.0906512637895399
41011,2.9510720744550697e-4,31604850,71.3,0.06779233629942466
41015,5.687575088773226e-4,13043549,83.6,0.04881352102137245
41017,2.1318185886254793e-4,46930839,43.5,0.05148087820417491
41019,2.763390670406674e-4,46301090,62,0.05543913480128763
41029,2.4418068594963296e-4,94351964,67.3,0.07494658458634906
41033,2.8292641053092877e-4,45540612,79.4,0.07914499580676752
41035,2.839356369585891e-4,24300950,52.2,0.050116789395827144
41039,2.2060893341827154e-4,128324700,52.9,0.06710514931188123
41041,3.6283523711252e-4,24812925,77.3,0.07332146350631526
41043,2.0058375734292394e-4,45336775,56.8,0.0738461652595308
41047,1.4487536758711023e-4,91485939,42.2,0.06531225473116102
41051,1.6995455809721622e-4,267680373,53.9,0.039795308999211576
41053,1.4117767852559165e-4,16284900,31.5,0.0880142895332817
41057,3.82511570975022e-4,12866700,73,0.04494939884178364
41059,2.0337828308305796e-4,22583610,43.3,0.09985550023125278
41067,1.3091495489835802e-4,132469334,36.6,0.034573686356872524
41071,1.7802900755147977e-4,27266371,40.3,0.03945334428664745
42001,1.6907368057510297e-4,16961510,24,0.0804156068807591
42003,1.4478902104549083e-4,338716252.5,39.6,0.04356452737904354
42005,1.946395525618863e-4,18061780,37.2,0.07696737130665803
42007,1.462208945685489e-4,40407090,33.6,0.07696822547623698
42009,2.169149597318759e-4,11032540,31.6,0.09011999929061376
42011,1.6193328489149148e-4,63544363,22.3,0.1215410524425643
42013,1.3417567934511377e-4,43920060,49.4,0.10135081399080459
42015,2.1834882706718578e-4,14952980,34.3,0.08506741974337924
42017,1.3489551227856305e-4,165738590.399999,38,0.09075728895469916
42019,1.372797237716057e-4,39973419,31.3,0.09402963577301963
42021,2.0828332573600167e-4,62327100,61.5,0.11729735661204059
42025,2.4255309371913982e-4,19951456,44.3,0.060705125330353715
42027,1.0614958127367384e-4,20382708,19.4,0.05749394612444484
42029,1.2307587965970675e-4,75463660,22,0.0767118069450176
42031,2.596525848414821e-4,7550725,26.8,0.0693074372817037
42033,2.2653194121671896e-4,19670896,34.2,0.07620293843421193
42035,2.8206574696138263e-4,10309060,38.1,0.07504324427798774
42037,2.061098404339535e-4,14105440,30.4,0.11949106616005156
42039,1.892757071743664e-4,25071640,40.2,0.09275821636862762
42041,1.4562740267583078e-4,55476935.72,34.3,0.10347692213969288
42043,1.465523042491328e-4,60434058,32.8,0.11005996076961926
42045,1.3951100527259403e-4,164134934,42.2,0.08284828580104114
42049,1.8172420600977196e-4,76283755,39,0.10000803082624483
42051,1.9325556490905126e-4,58339550,59.7,0.09178173602130664
42055,1.3427883730382425e-4,27010145,26.5,0.09828877404035478
42061,2.1982370139148402e-4,6381470,19.9,0.08037291691141087
42063,1.3156786813976266e-4,18999802,30.6,0.05936163669272224
42069,1.7160866212196857e-4,79029884,53,0.08479911887862872
42071,1.126010667724697e-4,101334233,28.4,0.08863842315623698
42073,1.613531948950546e-4,32474100,50.7,0.02201645643004942
42075,1.441404657020551e-4,21685131,23.7,0.11652259606647038
42077,1.6358586984936447e-4,55120199.8,23,0.12631679191700276
42079,1.8605411566634665e-4,91137991,40.9,0.07788785448340485
42081,1.6949149087042362e-4,26779220,32.8,0.11172830075656286
42085,1.6349058574008067e-4,40635362,49.5,0.06318791609931566
42087,2.80523067627638e-4,12585650,38.7,0.1086539800212919
42089,1.8948606403979018e-4,43803659,37.4,0.10688587466316568
42091,1.308042549853646e-4,193652578,35.1,0.04024840935557278
42095,1.671533484740227e-4,53183113,25.8,0.10212194701715742
42097,1.543865207083175e-4,24297950,37.1,0.09965082111888472
42099,2.3847204457259306e-4,10237850,32.2,0.04711236847120028
42101,1.0127981034335266e-4,394047551,37.3,0.08066090587861917
42103,2.0199574724749035e-4,14270410,35.7,0.12031016745009289
42107,2.3937607036773442e-4,39413590,38,0.10907607845808569
42111,1.932227724522695e-4,16628590,30.4,0.1242239894942524
42115,3.3107884406186446e-4,6869280,22.8,0.07724207460664016
42121,2.897878752752985e-4,13348640,34.5,0.11420774580304154
42123,2.456821364518586e-4,7888360,27,0.10155462207827576
42125,1.721282974427966e-4,52449420,36.2,0.07444615857137356
42127,2.6570270658831687e-4,13884070,38.1,0.09048258684005295
42129,1.746495483667109e-4,99918295,39.1,0.08454868855691182
42131,4.026059585681868e-4,7374000,37.3,0.09764163008092704
42133,1.7397954587272243e-4,81408034.2,27.3,0.07855569607850299
44001,2.2348638764729784e-4,7673830,21.7,0.051739950415149005
44003,1.2148311729653224e-4,57186925,48.8,0.06815119257685388
44005,1.6239010171875435e-4,16448810,28.3,0.06397228216113665
44007,1.0931708888652036e-4,143937020,32.7,0.060622312346610474
44009,1.4090278012215675e-4,29837560,33.6,0.05468136747532335
45003,1.9964384485161572e-4,38040804,34.8,0.13647038363977285
45007,2.0330461246327624e-4,61656662,48.1,0.07054479061957956
45013,1.283800710392147e-4,24395980,22.6,0.05771586016051744
45015,1.6220136232064335e-4,34247476.5,28.9,0.1211927540730127
45019,1.3600598779229167e-4,596206074,248.3,0.3370627294853036
45021,2.3050193898302654e-4,25642010,66.9,0.07155207862342834
45023,3.405467322993096e-4,7519740,32.4,0.1882006022241822
45031,1.953927656393719e-4,40367740,84.4,0.12878037492826402
45035,1.6855743206029935e-4,35351540,39.3,0.11023371319584159
45041,1.0088493941884647e-4,60444960,64.2,0.08551087663812473
45043,2.3483623079886072e-4,21291200,50.5,0.08629061016988078
45045,1.593665732760278e-4,171304657.75,56.2,0.06466247869701008
45047,1.7225196098246244e-4,21060067,43.7,0.10494493339819995
45051,1.6986036201157838e-4,102162480,56.8,0.09207899777783086
45055,2.025390664426329e-4,12010116,28.7,0.16393522253397538
45057,1.5771411876994146e-4,19458070,38.4,0.1291969342443793
45059,2.155855808698539e-4,22817089,48.3,0.05144184768673926
45063,1.663023424865556e-4,56920945,32.4,0.1280149225430889
45067,3.1519889049990546e-4,10523080,44.7,0.1445206554436318
45073,2.0675151661383933e-4,40328747,79.4,0.06391736211038773
45075,1.493565220187959e-4,20908250,32.4,0.11991579331732423
45077,2.299811283346015e-4,42961840,52.2,0.0945807690558305
45079,1.354967571816202e-4,56593078,21.8,0.127526712457908
45083,1.7417750484421138e-4,126717882,65.2,0.05345790310776951
45085,1.0470726451769082e-4,18443280,24.8,0.1280295386449822
45091,1.6097016780629552e-4,37624610,25.1,0.10706352609647134
46081,4.325769790396791e-4,4711380,28.5,0.09472550062279635
46093,4.7790603632085876e-4,1619490,9.3,0.020899282872482067
46099,1.8475534083049562e-4,36493354,31.2,0.13951273550722396
46103,1.9672425875478974e-4,18137531,26.5,0.038458745884555535
46113,9.044736659013428e-4,NA,NA,NA
46121,9.847365829640572e-4,NA,NA,NA
47001,2.1102477006295235e-4,42601110,82.2,0.052626846380526414
47003,2.286094311781699e-4,14081714,45.6,0.1261867382024058
47009,1.7705841779526338e-4,45758540,54.1,0.06132744370005868
47011,1.3097782311012688e-4,54089022,79.7,0.11338099519479568
47013,2.522195318805488e-4,27277359,96,0.08857596293049463
47017,3.941239699032605e-4,20013474,99.8,0.05918163516519911
47019,2.0487990780187207e-4,22530070,55.6,0.02714225055496487
47021,3.1269916298411584e-4,11740030,43.2,0.16056613414954302
47025,3.2659097939626e-4,25253500,113.6,0.0722466994547601
47029,3.6971730845799443e-4,23782430,95.9,0.041984228591324536
47031,2.532884140113428e-4,29876037,81.7,0.09133637128845529
47035,2.6060145260960237e-4,27204300,71.1,0.09312615654761096
47037,1.4044415509532993e-4,210883859,49.1,0.07484948943022025
47043,2.373191653225546e-4,19782970,58.3,0.09501805302059296
47045,2.669300376371353e-4,18959485,71.1,0.11168382120402343
47051,2.640929607221742e-4,18307720,63.7,0.06706435646011326
47053,2.1243170211710037e-4,17815830,52,0.07653315377790583
47055,3.960602133595526e-4,13195485,64,0.10757191760086482
47059,1.9702199846483327e-4,30590340,64.5,0.04566722160921979
47063,2.67391273536834e-4,59853440,138.3,0.03862499588400906
47065,1.4364805064596352e-4,141949693.875,61.6,0.09170324535916874
47073,1.9417482387195623e-4,23196680,58.6,0.072078408850815
47079,3.258399107619953e-4,19987770,89.4,0.09927554908235174
47093,1.5315921459783529e-4,212621152,71.7,0.026168443619931148
47103,3.1114052840382813e-4,12192190,53,0.05772233206307337
47105,2.3559478343647584e-4,17852870,54.5,0.0960280780026042
47107,2.1531018490299528e-4,27441800,75.3,0.07777513765963755
47109,3.835558463314513e-4,12359927,68.7,0.02771560199229924
47113,1.5118252975741535e-4,33518032,49.3,0.08598571151111445
47119,1.5485306585530343e-4,31447560,56.8,0.10184596931667045
47123,2.615599852301196e-4,19919966,64.5,0.10456917396266983
47125,1.76783364129118e-4,44303395.4,39.1,0.12729994632334637
47133,4.983012457531144e-4,9486790,62.7,0.06273336366644695
47141,2.0731937149124057e-4,35004566,71,0.11394081820439243
47145,2.8807850121033776e-4,39748110,105.2,0.012984717502968887
47147,1.9519802372181653e-4,27586290,61.4,0.08907959561420757
47149,1.2852045675866737e-4,117733280,67.6,0.2104859881745519
47155,2.1245353951946774e-4,36546430,60.1,0.07782552096637406
47157,9.406751306508654e-5,157431868.5,24.4,0.06849745068911706
47163,1.810745785281248e-4,108034432,99.3,0.028214163776013896
47165,1.7657228002853265e-4,49493795,45.6,0.08579517825668552
47167,2.1669000129336888e-4,13057350,31.4,0.17289319094244207
47177,2.5019390027271137e-4,25843389,93.3,0.09137730758757816
47179,1.498699237188702e-4,59196804,70.9,0.03992296322904452
47183,2.9027576197387516e-4,14331480,59.6,0.15134544126129165
47185,3.8103947568968145e-4,10794510,60.8,0.13893098867422357
47187,1.2179758334898693e-4,47232700,39,0.0795315551178754
47189,1.69940206683439e-4,36945648,48.4,0.1297715258949029
48001,2.8312569103303007e-4,16860930,41.7,0.031124429380788205
48005,1.5534742032988983e-4,28649034,48.3,0.06997624984184496
48013,2.0673983671001163e-4,14830290,48.2,0.14598665393545462
48015,3.3572819445377023e-4,5342950,27.7,0.1129759746795483
48021,2.005664030669015e-4,14383930,28.5,0.0968283965284421
48027,1.5531831352403791e-4,50443664,24.7,0.14858464957050221
48029,1.1304518603285301e-4,326745638,28.5,0.11761715554035607
48037,1.8811452429108127e-4,34222684,53.5,0.07893894791878424
48039,1.3057284790490045e-4,67343650,32.2,0.10231378806184212
48041,9.729245137297688e-5,28366066,22.1,0.09623323443059188
48049,2.6558308766897723e-4,17703400,66.2,0.11342738967977446
48053,2.4475446676901853e-4,12920880,43.5,0.12716125866739947
48061,6.931201504269992e-5,33452914,12.2,0.1149789896064347
48071,4.0747582310116267e-4,2634800,11.9,0.12297575399953407
48073,2.0242118962379393e-4,11762120,33.8,0.0402791439261288
48085,1.1365707315208403e-4,124913333,24.2,0.07853134298575286
48091,1.7598957782272352e-4,24390180,33.8,0.08455747223948386
48097,3.193707917213066e-4,11602088,43.3,0.0729767801502333
48099,2.0601570254893102e-4,11177750,21.6,0.19009033029731237
48113,1.0288988666002745e-4,461157747,28.3,0.05855733117382326
48121,1.06281636752335e-4,119696115,27.3,0.07118189436469975
48135,1.4507689815489565e-4,39827206,43,0.06944484994244644
48139,1.1841070851509516e-4,29896550,29.8,0.09131139351232165
48141,9.748872569055181e-5,85925638,16,0.0891385940778645
48147,3.006727588730449e-4,7757535,33,0.07566294095438632
48157,9.010621777570099e-5,103067114,27.5,0.014113950005621748
48167,1.5431864909576712e-4,81832768,40.9,0.0561416370212944
48181,1.9225111099248032e-4,51490510,61.9,0.10421175020203077
48183,1.5707893908362215e-4,57118610,68.6,0.04690710748362936
48187,1.1640712880344282e-4,20059950,23.7,0.12747994397871945
48199,1.831551917739958e-4,14006410,37.8,0.04808800533786165
48201,1.0121912474687778e-4,1061156585.5,38.5,-0.018859036931172208
48203,2.5522203201690756e-4,14318980,31.8,0.08999626868021987
48209,1.2193115098813794e-4,24436150,24,0.13264391909767181
48213,2.0821686786711875e-4,22797280,41.6,0.07824814164632406
48215,6.111151549152392e-5,50466530,9.9,0.16111852929597534
48217,2.8690288337397793e-4,10739250,43.9,0.06943799920622347
48221,2.0023999714743342e-4,16413120,47.2,0.08526926033696536
48223,2.7400263042525206e-4,16391480,68,0.06781384975905257
48227,2.8881830354005945e-4,9154940,38.5,0.10157110116133235
48231,1.8831488784189408e-4,28148960,47.6,0.08512600602900224
48245,1.314834790984726e-4,76321440,43.9,-0.013331228651504842
48249,2.446722615057131e-4,12133090,42.6,0.12216186095675308
48251,1.450401407247861e-4,43585950,42.1,0.0804510448453366
48253,5.7625601946245e-4,2829940,20.2,0.11151690248319472
48257,1.5270457479980517e-4,29203270,42.6,0.052582361247096254
48259,2.723851030110935e-4,8224760,37.3,0.08825075047696403
48265,2.492002592937671e-4,14704075,43.3,0.056952452254310525
48277,2.621654869219755e-4,19721400,57,0.07841106232766003
48291,1.7002176773938933e-4,34380880,65.5,0.060625361639659314
48303,1.5019017397175814e-4,77595883,41.3,0.08293122041694938
48309,1.1458806055533486e-4,56137180,35,0.11092493963230876
48329,1.2769952321190333e-4,29640050,32.2,0.06676394137479069
48339,1.5876253097844425e-4,110251903,37.1,0.0691352908492196
48347,1.5306903413439462e-4,18755420,42.5,0.0733875272142475
48349,2.6821993175043233e-4,10638670,31.9,0.08630207985749583
48355,1.2895102536439082e-4,82906120,35.7,0.15260876877257526
48361,1.7369562618499426e-4,42291560,73.5,-0.07234441157210585
48367,1.7613336243618762e-4,23511260,30.2,0.0684125118882039
48373,3.2305241095992375e-4,13940620,43.5,0.046618121160565094
48375,1.9465692384795896e-4,30648760,36.4,0.08311785677260419
48381,1.986441554588307e-4,24396270,30,0.05775592089759254
48397,1.4512258175399483e-4,15486450,30.2,0.10088936618972233
48401,1.9702580500902171e-4,10089120,28,0.08435064593939479
48409,1.936527714279233e-4,18213970,39.1,0.12277768359660439
48423,1.750892593990181e-4,68589530,48.4,0.06260405046356776
48439,1.1808009909168814e-4,435074635,35.8,0.046394142258432934
48441,1.9004977625900087e-4,42289670,46.8,0.08605276754767566
48451,1.6464940989987484e-4,40190194,53.3,0.05557418688194212
48453,1.2489809080057856e-4,176320805,25.7,0.07169622848446096
48459,2.5072710861498345e-4,6087610,22.6,0.07107994829719917
48467,2.2381927192013218e-4,14102166,38.5,0.06281091584508887
48469,1.8561479239970059e-4,26398804,43.9,0.12600396289751467
48471,2.0140302741719965e-4,12026190,26.1,0.07457173076944541
48479,5.666367547475506e-5,16125386,9.6,0.17498808994539813
48485,1.9994719625751473e-4,51063382,55.9,0.08275696554875593
48491,1.27487080761059e-4,89568636,32.9,0.1286282794499953
48497,2.0240273934215447e-4,14175520,34.9,0.11421333713445274
48499,3.384934783589836e-4,16326952,56,0.025840796539399285
49003,2.3771006897350695e-4,12947310,38.5,0.01120215953984697
49005,1.3115764140928036e-4,18125720,24.2,0.03874708338693844
49007,6.194015627977892e-4,15094160,105,0.012613001226938592
49011,1.628263217493925e-4,65972868,32.2,0.04146295294074431
49021,2.0817606824272315e-4,12553566,40.7,0.05923160026260308
49035,2.1667615390709124e-4,281547707,40.2,0.03340922079409007
49041,5.77672940836663e-4,5870030,41.3,0.08203823068738055
49045,2.5659007053264104e-4,15925444,41.2,0.033444695561540595
49047,2.93545747592634e-4,6094270,28.4,0.08260312751927729
49049,1.4694911764810724e-4,96535830,28.3,0.018956874802927903
49053,2.475596907638358e-4,44061380,47.1,0.058656153616369534
49057,2.59737145750539e-4,70913605,45.5,0.048838113623190536
50005,3.802332849131e-4,5913550,27.2,0.02434025900627836
50007,1.34109016692623e-4,35030128,32.5,0.09202113853764278
50011,2.566700766406812e-4,11147705,33.5,0.039084681743008685
50021,2.0398366157929325e-4,11479970,26.3,0.02406946825028174
50023,2.771673787058349e-4,12394230,29.9,0.031206005810690995
50025,3.0147727239562784e-4,11060080,35.7,0.031566985083596046
50027,1.9741784414826794e-4,8899060,22.3,0.041957277969730034
51001,3.03278439935705e-4,5053970,20.8,0.11673403153691474
51003,1.3049929314005003e-4,17088130,25.4,0.034272057083773066
51013,8.543642138384562e-5,12494089,9,0.05127496377569681
51015,2.4250494031912388e-4,10535180,20.7,0.03568508139538993
51019,1.9637410458626941e-4,8279610,17.5,0.10558647892468927
51031,2.2382769108545133e-4,5913890,15.7,0.11759058486223965
51033,3.694002283565048e-4,2164040,11.2,0.0766790335596647
51035,3.366096674296486e-4,4411170,21.1,0.15052824534973672
51041,1.4407142010594473e-4,62209192,28.9,0.07654390864104284
51047,2.089464014371471e-4,10100186,31.6,0.0403632301364813
51053,3.9494470774091627e-4,799410,4.2,0.07293802225989532
51059,8.989735670769264e-5,103768066,14.2,0.055183183024915594
51061,1.862923234591688e-4,17777794.00334,39.2,0.07013083489153212
51067,1.9516493729364158e-4,15732740,41.4,0.10486569180223278
51069,1.959930750351362e-4,11663400,22.1,0.07997160258828188
51073,3.362546546398256e-4,9696620,37.6,0.05797675212313156
51085,1.4345009601981863e-4,24716895,35.6,0.11255601872218124
51087,1.2956439190338155e-4,71094984,34,0.06801737558291239
51089,2.1128352716861984e-4,16362940,42.5,0.14214770066063592
51095,1.5444020916215653e-4,13607680,30.5,0.05912875764702038
51107,1.0980392924799945e-4,33433726,16.5,0.03445057048581701
51121,1.1983751692940594e-4,22353060,34.7,0.03496052396448942
51137,3.108661862371061e-4,8753130,38.3,0.09492918534995863
51139,4.193223750419322e-4,8175050,48.4,0.10030894715571043
51141,6.533101045296168e-4,5581580,42.7,0.09382349794216242
51143,2.0988945659445045e-4,3386370,7.7,0.1455022343911233
51153,9.357033751048241e-5,49484980,18.8,0.08729790853151766
51161,1.6607577721305375e-4,24909168,39,0.09639433123555674
51165,1.641228832333123e-4,7332380,14,0.11655733167347493
51171,2.3148155900418725e-4,8423600,29.1,0.08243194434519185
51173,3.159358018450651e-4,15080889,66.7,0.07188248856233709
51177,1.305457036536211e-4,22066140,26.3,0.13746452502034515
51179,1.1581583055105802e-4,20196667,23.3,0.08922494930396963
51185,2.797268001585119e-4,31446901,100.8,0.028650427122418793
51187,2.564957549952548e-4,11860415,45.9,0.08416306016169296
51191,2.6633448060361486e-4,26764810,70.8,0.07880410687515708
51195,3.446151621326344e-4,34888121,120,0.0643517509262278
51510,9.208932388075321e-5,12649499,13.4,0.07292353493649684
51550,1.3585161043835054e-4,36987730,24.1,0.06017175498414307
51590,2.386748770824383e-4,20369146.5,66.2,0.057070136399509454
51650,1.1467706261872654e-4,25977070,26.5,0.08474291465119828
51680,1.5493312128378656e-4,27456915,53.5,0.10216554740748711
51700,1.1991696874764727e-4,29068130,22.6,0.06468117338536156
51710,1.2137420564212585e-4,33558100,19.9,0.09446961928901994
51740,1.3599183268073534e-4,26553189,38.9,0.09672567859442166
51760,1.0524422987304798e-4,32341282,22.9,0.0970840309697102
51770,1.8699036429449607e-4,38760430,58.1,0.069900850572137
51800,1.2837868855182613e-4,13561050,23.6,0.09499312471073192
51810,1.2323898076930406e-4,60962105,20,0.06765617750951813
53005,1.6173929864681997e-4,49698498,42.7,0.06347469241593633
53007,1.722958713005544e-4,21245090,42.8,0.00358786993683217
53009,2.6854428681491037e-4,37838060,76.6,0.03768095520453605
53011,1.6486657222684659e-4,119728891,41.2,0.06253618715497933
53015,2.1129033146769183e-4,46039794,65.1,0.03903703231383452
53021,1.1057595222081383e-4,13624420,27.4,0.053723361184017215
53025,1.49937434154801e-4,24974040,42.1,0.01335130160492635
53027,2.0169634607042876e-4,26794040,53.3,0.034657804996745124
53029,1.854033528334908e-4,14857580,26.9,0.026114492099009252
53031,4.4905974613747095e-4,5817030,28.2,0.10502801434182747
53033,1.2310008485581054e-4,452997371.5,34.5,0.015336087562633141
53035,1.6827239962676128e-4,61498356,35.7,0.03851980758037071
53037,2.380694730007575e-4,8509380,30.7,0.05230389214895729
53041,2.0363567841072866e-4,32741700,62.8,0.05236347118626359
53045,2.2041879100632004e-4,16493810,40.1,0.05223889892077629
53047,2.408781276080601e-4,14623330,52.1,0.03901249643307597
53053,1.8686242622022127e-4,211150992,38.6,0.019819806581241144
53057,1.7685441788667112e-4,39930310,49.5,0.04008728434114291
53061,1.495207134462241e-4,220415597,45.6,0.027737359046612176
53063,1.9745014021168718e-4,173180164,53.8,0.03055904907378648
53065,2.7264757903886253e-4,18291819,60.8,0.028105701239888425
53067,1.8429608722344412e-4,63027005,37.1,0.029701047636866578
53071,1.9369556856695228e-4,18039900,44.8,0.04150320585641235
53073,1.7000227482715446e-4,46866960,34.3,0.027877349720407636
53075,2.038902255025894e-4,7951490,26.2,0.049094510968422746
53077,1.3111341898556218e-4,56694940,34.4,0.09061784230265091
54003,1.9462770303203285e-4,31627440,44.9,0.0918302954953647
54011,2.0787024787931774e-4,65212970,97.7,0.02235837549796323
54019,2.464884172593384e-4,20031940,62,0.07547338894626739
54029,3.653028692879915e-4,19682310,91.4,0.06469550214195159
54033,2.3767311151556296e-4,40214600,83.9,0.05765892161751294
54037,1.7740562021004825e-4,15257640,42.1,0.04042686665289943
54039,2.3433812605343514e-4,90307730,67,0.09466299179625515
54045,2.9243110981041034e-4,45586800,179,0.012086868687409399
54047,4.7901896915117836e-4,15223900,96.2,0.003120834233982017
54049,1.7687219215394955e-4,22113348,56,0.08356048618455209
54055,2.82469275833856e-4,31358290,72.5,0.05352119362695975
54061,1.2531811118047896e-4,25959877,40.3,0.06607308099196718
54067,3.871916986099818e-4,18164700,99.2,0.07936001529716769
54077,2.9596306380963656e-4,5905090,25.9,0.03912649096811501
54079,2.3745611899460961e-4,19513440,50.7,0.07584310085836576
54081,2.494072428821919e-4,51197920,93.1,0.10866687892839655
54099,2.4133021212925646e-4,13732770,46.2,0.021388792035571536
54107,1.9547980253359964e-4,39670000,65.4,0.07571604247507514
55001,4.963271788763153e-4,3647820,24.9,0.10816762522048262
55005,2.4308855052927007e-4,9206106,28.7,0.12627024039594922
55009,1.70073813716225e-4,44242460,25.9,0.039807351707608594
55015,2.0205693964559212e-4,2484050,7.5,0.09001955328020561
55017,1.9525334991609208e-4,10787576,25.2,0.12680281461519435
55021,2.3792003943353784e-4,19857860,50.5,0.06489316180167139
55025,1.298150363182538e-4,111133878,33.2,0.05055098584879936
55027,1.5865606912722155e-4,14388415,23.2,0.08898828229120608
55035,1.7777922559650687e-4,19181520,28.1,0.05092037508819567
55039,1.6649190059463292e-4,18582590,26.4,0.05340946361089638
55055,1.536229486933752e-4,15780270,27.4,0.08617163273596933
55059,1.4743457299533193e-4,35852260,31.2,0.0675166988380362
55063,1.88267455220653e-4,32283200,41,0.05564717610697841
55071,2.0790100855482306e-4,16677160,29.2,0.12340533066827182
55073,1.414983252744133e-4,20750651,22.4,0.05641885229981417
55075,2.976928801786157e-4,13051010,44.3,0.04296846340197641
55079,1.1777167202577217e-4,310221602,47.2,0.08255615217418877
55081,2.195437880085183e-4,8709396,28.3,0.06910945340885488
55087,1.56103726709314e-4,32451506,26.6,0.07293745103074604
55089,1.3271085941557565e-4,16064270,26.7,0.0655198545588896
55095,3.337526773678645e-4,8002825,25.8,0.12790575493562836
55097,1.7987052040819497e-4,10101860,20.8,0.059771498341521734
55101,1.6078652087587008e-4,50473867,36.9,0.08073146294658733
55105,1.6837572442059232e-4,45359941,40.6,0.07744101540496677
55109,1.3937295542220762e-4,11379421,19.8,0.08049114688904464
55111,1.8855472800980485e-4,19466350,45.9,0.039039413027225946
55117,1.5957172963243168e-4,23135480,28.7,0.03162266278539153
55127,1.416544521769722e-4,22051370,31,0.092886312023854
55131,1.4052061979003336e-4,27691550,30.5,0.06769600283505661
55133,1.400570345923476e-4,92571167,34.4,0.06650902882618519
55135,2.1861195530944614e-4,11019306,30,0.08119079863695948
55139,1.4841735402234182e-4,29505300,25.6,0.07326463327966282
55141,1.9486124785058294e-4,17606141,33.8,0.055790902336329516
56001,2.613969050606441e-4,4485690,18.5,0.0223967510592968
56005,3.074907812826091e-4,10608501,35.6,0.02786439793627869
56013,3.230404442079229e-4,7827230,28.9,0.08710421366591929
56021,2.3232781215635996e-4,20029680,32.2,0.08772422135471732
56025,2.6882622936195006e-4,20397640,39.8,0.07309711474266799
56029,3.530608922873139e-4,10343160,53.7,0.05849094869501128
56033,3.672295549083775e-4,7117910,35.9,0.018970942594767243
56037,3.004657607965543e-4,9029780,30.9,0.08533731464806417
