GEOID,ssi_recipients,ssi_rate
01001,497,0.9028320223800614
01003,1287,0.6450804470953837
01005,559,2.1003982866160666
01007,389,1.7233740917951446
01009,494,0.856093165118536
01011,188,1.781652767247915
01013,432,2.130177514792899
01015,1670,1.4411087044691628
01017,553,1.625609971191722
01019,301,1.1622967911341082
01021,516,1.1776251226692835
01023,343,2.5814706103710394
01025,581,2.3383104600152937
01027,191,1.4165986798190315
01029,186,1.2407444466680007
01031,535,1.0492047616246005
01033,771,1.417878882615812
01035,277,2.181617704969678
01037,177,1.629234167893962
01039,593,1.571735269951496
01041,265,1.9070236039147956
01043,1032,1.2691229278370801
01045,738,1.4876932690950873
01047,1406,3.3940037657509774
01049,846,1.19260752498696
01051,789,0.974591449781983
01053,575,1.518151815181518
01055,1702,1.6466240337451503
01057,303,1.8053983197282963
01059,448,1.418933899217686
01061,487,1.8195404446104988
01063,284,3.307325026202399
01065,432,2.84979220265189
01067,275,1.6000465468086347
01069,1512,1.4553714951246979
01071,639,1.2146441605839415
01073,7629,1.1574945076286307
01075,246,1.7488980520403812
01077,1017,1.0977860774387151
01079,518,1.5493673914994166
01081,1136,0.7379162958680584
01083,758,0.8398240579678031
01085,316,2.9910080454330337
01087,395,2.006705954074375
01089,2265,0.6471927834432942
01091,568,2.8306588258746137
01093,429,1.4186977082575483
01095,1169,1.2365921255844459
01097,5117,1.2351221725791774
01099,364,1.6564277588168375
01101,3156,1.3879116239797353
01103,1264,1.0572539835222283
01105,354,3.591720779220779
01107,459,2.290190599740545
01109,564,1.6948643207019862
01111,285,1.2602255140393543
01113,621,1.0590763353571186
01115,762,0.8801515431528368
01117,822,0.3991240634908303
01119,413,3.108769288671434
01121,1451,1.7900983258694498
01123,606,1.4795644318570242
01125,2176,1.0747218120125845
01127,1169,1.7822023691552453
01129,300,1.7742030871133716
01131,548,4.928500764457235
01133,414,1.724066130845792
02013,0,NA
02016,0,NA
02020,1837,NA
02050,187,NA
02060,0,NA
02068,0,NA
02070,44,NA
02090,395,NA
02100,19,NA
02105,17,NA
02110,172,NA
02122,373,NA
02130,98,NA
02150,61,NA
02158,99,NA
02164,0,NA
02170,534,NA
02180,92,NA
02185,0,NA
02188,40,NA
02195,20,NA
02198,49,NA
02220,35,NA
02230,0,NA
02240,57,NA
02261,41,NA
02275,0,NA
02282,0,NA
02290,91,NA
04001,1669,2.3069692864843945
04003,1372,1.0703948446289115
04005,956,0.692432495074748
04007,501,0.9421012053630192
04009,281,0.7487542966772363
04011,46,0.4986990459670425
04012,206,1.0145784081954297
04013,17442,0.4266061138071232
04015,1680,0.8250298336680925
04017,1552,1.43426147547801
04019,7215,0.7190996453837092
04021,2080,0.523133570084808
04023,706,1.5167465142758931
04025,1421,0.6500873797955953
04027,2182,1.0733329398107156
05001,270,1.4540362970542302
05003,375,1.7866501500786127
05005,398,0.9709211553473849
05007,1175,0.4791400760915218
05009,500,1.3404466368193881
05011,173,1.5591204037490987
05013,77,1.4779270633397312
05015,260,0.9389671361502347
05017,325,2.9046384842255786
05019,283,1.2475753835302417
05021,275,1.808972503617945
05023,303,1.1841950990737484
05025,95,1.1281320508253176
05027,398,1.6468056934789805
05029,323,1.533713200379867
05031,1221,1.1867734535982273
05033,712,1.14974082387327
05035,1004,2.027832198905294
05037,256,1.4772924000230827
05039,119,1.5378650814163868
05041,269,2.1987902566617623
05043,247,1.3217037671232879
05045,824,0.6842887632144963
05047,197,1.1068037530198325
05049,207,1.6986706056129988
05051,1355,1.3951955847980313
05053,138,0.7647124016402527
05055,609,1.3921591038975885
05057,335,1.508465417867435
05059,406,1.2141148325358853
05061,190,1.4087639949581077
05063,431,1.1639211450175535
05065,235,1.745784117078969
05067,292,1.669048299514147
05069,1370,1.8926573185052153
05071,410,1.5754082612872238
05073,157,2.20289041672513
05075,390,2.305645876441029
05077,264,2.6991105203966876
05079,189,1.356297093649085
05081,145,1.1493341788205453
05083,356,1.6229769774333258
05085,630,0.8838507835407343
05087,190,1.205507264767464
05089,220,1.341136308217508
05091,630,1.4427701186277653
05093,918,2.0769700671960907
05095,218,2.890479978785468
05097,129,1.4175824175824177
05099,160,1.8458698661744346
05101,170,2.1281922884326487
05103,467,1.8885473956648333
05105,146,1.424946320515323
05107,623,3.126097646645592
05109,140,1.2707633657075428
05111,537,2.2253532800132607
05113,275,1.3553474618038444
05115,719,1.1393347806107088
05117,135,1.6198704103671708
05119,4480,1.1434230205765097
05121,278,1.5809827115559598
05123,596,2.205528623764941
05125,800,0.6921792398141499
05127,149,1.3976174842885283
05129,210,2.6455026455026456
05131,1467,1.1519344174761093
05133,175,1.017856104228465
05135,381,2.237622599400951
05137,276,2.207470207150284
05139,588,1.4578271433530026
05141,247,1.4622306417238928
05143,1353,0.6151957441003956
05145,999,1.2673965720665288
05147,166,2.4152480721664484
05149,317,1.459753177380733
06001,16879,1.0515089237156099
06003,20,1.6891891891891893
06005,326,0.8819630441252063
06007,4632,2.068993241824752
06009,439,0.9801951459128764
06011,323,1.5121014933757784
06013,8576,0.7740596159487331
06015,772,2.7942666859707543
06017,1346,0.7355191256830601
06019,17859,1.8542090618381164
06021,522,1.8658850443237058
06023,2697,1.995088103445725
06025,6603,3.6928084470965903
06027,229,1.2495907453890647
06029,14312,1.6425332563634967
06031,2175,1.4474813823946333
06033,1667,2.6015981022535737
06035,419,1.3116293629676006
06037,156110,1.552228239497154
06039,2413,1.573360457989385
06041,1408,0.5428789549580118
06043,223,1.2638141116463588
06045,1608,1.8396274983125307
06047,4792,1.8082950630374979
06049,186,2.0591165725672536
06051,50,0.3558465589637748
06053,4175,0.970476591174823
06055,976,0.6930686038502234
06057,928,0.9408043471649145
06059,28155,0.8988858030317881
06061,2267,0.6117586103607676
06063,309,1.6476485016529807
06065,27263,1.1731612312448256
06067,22237,1.5032109781653484
06069,461,0.7941293000981895
06071,28918,1.3726329699623212
06073,33582,1.0322264148159623
06075,17031,2.0029825399102887
06077,10317,1.4432196514002742
06079,2279,0.8177838380938711
06081,3885,0.5147413441307562
06083,4353,0.9906803673232514
06085,14699,0.7797646329870307
06087,2832,1.0452845927560892
06089,4327,2.414243310197067
06091,48,1.6376663254861823
06093,1242,2.8441879637262986
06095,4518,1.0516857698861257
06097,4053,0.8142216579344927
06099,8175,1.5408218847597166
06101,1940,2.033415089197744
06103,1389,2.204237086407998
06105,299,2.268588770864947
06107,8920,1.95713179264057
06109,752,1.396108718253379
06111,7696,0.9128109024919643
06113,2101,1.0020460626409946
06115,1585,2.1448773292555856
08001,1986,0.41376982647085175
08003,254,1.5532318229071118
08005,1959,0.3171606753142465
08007,57,0.46135167948199113
08009,31,0.849780701754386
08011,81,1.392709766162311
08013,866,0.2758304375384204
08014,126,0.2017646399461961
08015,102,0.5511428108283353
08017,0,0
08019,28,0.30309590820523924
08021,170,2.0698892000487032
08023,105,2.9247910863509747
08025,49,0.8849557522123894
08027,29,0.6628571428571429
08029,234,0.7742960193243109
08031,4578,0.690182314869675
08033,10,0.5589714924538848
08035,282,0.0897408970270941
08037,35,0.06617007600105872
08039,24,0.09907120743034056
08041,2938,0.441690933609553
08043,496,1.0590370449450197
08045,135,0.2348030263501174
08047,0,0
08049,19,0.13112491373360938
08051,28,0.17622254389829442
08053,0,0
08055,117,1.7942033430455453
08057,0,0
08059,1499,0.2682485997029402
08061,0,0
08063,35,0.42818693418155124
08065,25,0.33779219024456153
08067,178,0.32966625921398673
08069,895,0.2751915579224421
08071,250,1.745566261695294
08073,20,0.3626473254759746
08075,150,0.6861220382398683
08077,963,0.6499466814248883
08079,0,0
08081,73,0.560073653521559
08083,196,0.7536722294855034
08085,261,0.6386727352811628
08087,184,0.6504524886877828
08089,316,1.7136659436008677
08091,10,0.21500752526338424
08093,33,0.20072992700729927
08095,33,0.759144237405107
08097,13,0.07410363107792281
08099,145,1.1962709347413578
08101,2240,1.3813687884655705
08103,14,0.21027335536197056
08105,216,1.8583842381484985
08107,35,0.14595496246872394
08109,50,0.7993605115907274
08111,0,0
08113,17,0.21887472640659197
08115,14,0.5914659907055344
08117,10,0.034165840992176025
08119,83,0.353612815269257
08121,19,0.39468217698379726
08123,1212,0.4358693111322892
08125,42,0.41379310344827586
09001,3873,0.4113132926515849
09003,6812,0.7605233454542207
09005,585,0.3159753917284664
09007,523,0.31805300477991705
09009,6182,0.7181074117698989
09011,1517,0.5576529318134197
09013,385,0.25380877980605054
09015,772,0.6593894668511591
10001,1093,0.6374144185124275
10003,2875,0.5208361639646593
10005,1016,0.4810059462939818
11000,6923,NA
12001,1901,0.7408966369294686
12003,186,0.6810193321616872
12005,1556,0.872388022045178
12007,283,1.0513020543110814
12009,3844,0.6855923935628511
12011,14485,0.7771840024037172
12013,194,1.3333333333333335
12015,1015,0.5983188125582108
12017,1181,0.8408506760268559
12019,857,0.42775997524282994
12021,1381,0.3965701420875498
12023,881,1.2918267397870906
12027,346,0.984801047418455
12029,284,1.7657299179308628
12031,7637,0.8477172573788143
12033,3071,0.992008372796165
12035,534,0.5188647162276397
12037,144,1.230243485689876
12039,837,1.8135332481095487
12041,160,0.9393530206070569
12043,57,0.4247391952309985
12045,119,0.7507412781527979
12047,215,1.4970059880239521
12049,343,1.256318218445535
12051,504,1.3133208255159476
12053,1493,0.8444713428395278
12055,1044,1.0560174789099959
12057,12675,0.9580071637016944
12059,327,1.6710102713475394
12061,869,0.5979001252218904
12063,712,1.4613821555386795
12065,204,1.4486578610992757
12067,46,0.526195378631892
12069,2345,0.738382674299245
12071,3879,0.569628618000793
12073,1819,0.6387207326151383
12075,462,1.1635228045432795
12077,95,1.1466505733252867
12079,306,1.6487068965517242
12081,1789,0.5062094841416934
12083,3221,0.9464037538821359
12085,491,0.3196781082348039
12086,56259,2.1114930164861523
12087,489,0.6338302009073234
12089,384,0.4974931011698861
12091,1084,0.5536318042063759
12093,349,0.8853373921867072
12095,10494,0.835472968938462
12097,3466,1.111032753989268
12099,7490,0.5354754256815158
12101,4056,0.8306198931006943
12103,7415,0.789209279355605
12105,6928,1.086419598206655
12107,1067,1.4757136534631554
12109,811,0.37140161749754996
12111,2202,0.7511871622728017
12113,816,0.4978554388876347
12115,1468,0.36883402720025327
12117,2177,0.4915275284767614
12119,564,0.49652695243377437
12121,515,1.1797585503859986
12123,262,1.1602161013196353
12125,134,0.8839633221188734
12127,4207,0.8236003492519665
12129,209,0.6674330970173085
12131,319,0.5184631387335847
12133,332,1.3481138587728916
13001,255,1.3851167843563281
13003,141,1.7053701015965168
13005,147,1.3065505288418808
13007,66,2.0307692307692307
13009,503,1.0980614739783445
13011,150,0.8180628272251309
13013,612,0.8344695936733024
13015,827,0.8112456102489651
13017,330,1.8960068945705257
13019,277,1.458969767196882
13021,2790,1.8094089264173705
13023,152,1.184261784183872
13025,180,0.9781013965114385
13027,299,1.9111537232342601
13029,217,0.6362889983579639
13031,586,0.8011922177711542
13033,372,1.6288641737455118
13035,255,1.086076919800673
13037,130,2.017693620984014
13039,297,0.5701451278507256
13043,164,1.4960773581463238
13045,1090,0.9581912162874925
13047,298,0.45395688932896644
13049,151,1.1644046884639112
13051,2340,0.8279873891151504
13053,46,0.3871402120855075
13055,367,1.4653038409326837
13057,651,0.28227152699790575
13059,1072,0.8784221178822816
13061,49,1.5971316818774446
13063,2605,0.9638545301162916
13065,148,2.171998825946581
13067,2535,0.34802879783851465
13069,613,1.4241903257283584
13071,760,1.6521020825181514
13073,457,0.3266525617566331
13075,249,1.4558849324679881
13077,686,0.5058064516129032
13079,114,0.91324200913242
13081,404,1.7518754607345735
13083,162,0.9904622157006602
13085,160,0.6975020707092724
13087,498,1.828395197708999
13089,5257,0.7262032706084525
13091,316,1.5051202667301737
13093,272,1.930584143658173
13095,1627,1.7622338236249808
13097,792,0.5727385144956357
13099,225,2.1469465648854964
13101,22,0.5465838509316769
13103,248,0.44403065243858775
13105,300,1.5468701660307311
13107,400,1.760330942217137
13109,174,1.6211683592658157
13111,280,1.1658408627222383
13113,297,0.2712452623407462
13115,1169,1.21518934708261
13117,268,0.13147502219867443
13119,325,1.4647557238146747
13121,8414,0.8441375380358502
13123,254,0.8771929824561403
13125,31,1.0153946937438585
13127,684,0.8278566500853273
13129,542,0.966493696392589
13131,405,1.6106581825412607
13133,256,1.5482310250982763
13135,3290,0.3763260058427758
13137,384,0.8782362089470314
13139,1008,0.5291838598922732
13141,172,1.966388476048931
13143,362,1.2627760142323927
13145,152,0.460717749757517
13147,208,0.8151109021083156
13149,138,1.1926367643246047
13151,1117,0.5215458675544308
13153,1158,0.7764672750558211
13155,164,1.7512012813667912
13157,620,0.9978915517213629
13159,126,0.9284503721170142
13161,186,1.2438975456430148
13163,314,1.938151965928029
13165,187,2.065157371617891
13167,212,2.1869197441716524
13169,143,0.49824047942580396
13171,206,1.1321791701016763
13173,143,1.3773839337314584
13175,745,1.5585121961424209
13177,155,0.5320244388000275
13179,410,0.6411359051744359
13181,84,1.0892116182572613
13183,69,0.4001623847358349
13185,1378,1.2098544311577026
13187,200,0.6432109088570142
13189,347,1.609611281194916
13191,163,1.1692131124022667
13193,165,1.1916799075545284
13195,331,1.1670545095550384
13197,83,0.9599814943326395
13199,336,1.5852795470629863
13201,110,1.8609372356623244
13205,404,1.773641232768461
13207,206,0.7617216388108268
13209,145,1.6102165463631315
13211,163,0.9084322577049546
13213,419,1.0645866151735353
13215,2421,1.2086688666669996
13217,860,0.8277109941194022
13219,147,0.4191497248438881
13221,113,0.7664654412263447
13223,510,0.34038577053994523
13225,443,1.646411714423756
13227,204,0.6801813817017871
13229,269,1.4135575407251708
13231,139,0.7790169814493079
13233,542,1.31352543440855
13235,149,1.300174520069808
13237,181,0.8514041111999623
13239,65,3.1026252983293556
13241,183,1.1218734673859734
13243,176,2.436323366555925
13245,2594,1.2878690087281177
13247,563,0.6429215818383217
13249,58,1.1397131067007271
13251,279,1.9767606631713193
13253,146,1.6789328426862926
13255,927,1.4483017217135894
13257,444,1.7354596622889307
13259,109,1.8822310481782074
13261,464,1.4934019954940456
13263,116,1.8201788796485172
13265,41,2.153361344537815
13267,334,1.3222486144101346
13269,151,1.8075173569547525
13271,218,1.3288631514782079
13273,216,2.3653088042049935
13275,785,1.7453365053249439
13277,667,1.6391831117446118
13279,500,1.8409425625920472
13281,107,0.9748542274052477
13283,137,2.0414245268961406
13285,827,1.193121158784661
13287,196,2.40461293092872
13289,170,2.03276336242975
13291,207,0.9394998411473698
13293,375,1.420777449420323
13295,760,1.1153016450699265
13297,738,0.8440459307379111
13299,694,1.9455580163157749
13301,99,1.7986918604651163
13303,374,1.8085106382978722
13305,398,1.3264013863893889
13307,41,1.5344311377245508
13309,105,1.32375189107413
13311,234,0.8315565031982943
13313,909,0.8769644872796736
13315,142,1.5983791085096801
13317,204,2.0556227327690446
13319,108,1.1597938144329898
13321,239,1.1387459500667048
15001,1737,NA
15003,6065,NA
15005,0,NA
15007,336,NA
15009,774,NA
16001,1907,0.4478649500467358
16003,29,0.7503234152652005
16005,707,0.8435244288015271
16007,44,0.7422402159244265
16009,91,1.003528892809881
16011,328,0.724685711760677
16013,33,0.15401129416157186
16015,39,0.5659555942533739
16017,311,0.7514073787721376
16019,758,0.6954830303975631
16021,88,0.7898752356161924
16023,34,1.3117283950617282
16025,0,0
16027,1449,0.7145604639465042
16029,24,0.3522677234698371
16031,142,0.6057762040868563
16033,0,0
16035,94,1.102251407129456
16037,27,0.6451612903225806
16039,209,0.8006742520016856
16041,48,0.36886190732344576
16043,50,0.38771712158808935
16045,160,0.9493858660179197
16047,118,0.7785181764201359
16049,134,0.8245646421758661
16051,85,0.31369943903159137
16053,127,0.55961928262977
16055,989,0.6695280132145469
16057,192,0.4974995465498924
16059,81,1.0461061604029445
16061,100,2.6136957658128592
16063,29,0.5479969765684051
16065,89,0.23350999632680905
16067,153,0.7525453740593183
16069,364,0.9101137642205276
16071,16,0.37479503396579994
16073,91,0.801338499471645
16075,191,0.838712510429017
16077,30,0.38981288981288986
16079,174,1.3863437176320612
16081,19,0.18204464884545365
16083,575,0.7102711382867025
16085,45,0.45468323734464994
16087,120,1.195814648729447
17001,490,0.7319004017983839
17003,118,1.6735214863139982
17005,133,0.776098500320943
17007,167,0.311241985984792
17009,35,0.5119953188999415
17011,164,0.48489149074566845
17013,29,0.5844417573559049
17015,86,0.5813560467788819
17017,94,0.7193143556779921
17019,1047,0.5072182928010852
17021,217,0.6403446647780925
17023,99,0.6153272422151781
17025,121,0.8985593346205257
17027,105,0.2773522108933383
17029,401,0.7594409302677929
17031,39731,0.76002735493991
17033,99,0.509233064142791
17035,61,0.5601469237832875
17037,277,0.26517834919297706
17039,99,0.6065433157701262
17041,66,0.3338391502276176
17043,2066,0.2220278254814006
17045,150,0.84137312093336325
17047,19,0.28735632183908044
17049,182,0.5297473512632437
17051,168,0.7627695800227016
17053,68,0.4942578863206861
17055,450,1.1391539883046857
17057,215,0.5964435320553721
17059,80,1.5023474178403755
17061,135,1.0082150858849888
17063,134,0.26620048472327074
17065,70,0.8483820143012968
17067,106,0.5688831642784308
17069,63,1.509705248023005
17071,38,0.5455067470571346
17073,199,0.4005555443731003
17075,226,0.7843409453737767
17077,563,0.9512063256065418
17079,58,0.6046705587989992
17081,342,0.8877813254419437
17083,122,0.5436477875317499
17085,66,0.29748490038763187
17087,98,0.7616974972796519
17089,1403,0.2664185410594077
17091,769,0.6897294000520212
17093,198,0.16302736883707145
17095,433,0.8366826402844335
17097,2224,0.3164079727980196
17099,553,0.4940367177379729
17101,125,0.753829453624412
17103,173,0.49830059335215166
17105,173,0.4640806910241966
17107,143,0.47954393024815556
17109,205,0.6461373593469284
17111,584,0.1901765972066184
17113,585,0.3376545418864788
17115,1116,1.0294823069259436
17117,342,0.7357686846521234
17119,1761,0.6601464243005859
17121,371,0.9635612809391476
17123,35,0.29021558872305137
17125,113,0.8111406216352022
17127,177,1.189276355573473
17129,52,0.4134860050890585
17131,55,0.3443741781979838
17133,61,0.1809927899593508
17135,212,0.7235247943756186
17137,299,0.8591707134852448
17139,57,0.3821656050955414
17141,192,0.36898950686089865
17143,1537,0.8227258615336852
17145,144,0.6668210233850429
17147,36,0.21859250713461656
17149,131,0.8159960134545908
17151,45,1.0575793184488838
17153,123,2.123618784530387
17155,13,0.22624434389140274
17157,170,0.5161838829173498
17159,163,1.0141861622697859
17161,862,0.5882513512037998
17163,2284,0.8600401402272103
17165,354,1.4355813293320898
17167,1434,0.7219126153474393
17169,27,0.3747397640527411
17171,25,0.48365254401238156
17173,130,0.5906137840170824
17175,26,0.4452054794520548
17177,345,0.745414082924616
17179,614,0.4534711964549483
17181,213,1.220071027609119
17183,886,1.112883574290631
17185,85,0.7335807370328817
17187,116,0.6586792345693032
17189,50,0.3479713271626418
17191,119,0.72046981897439
17193,147,1.0201249132546841
17195,336,0.5878750765462339
17197,1854,0.27050766146564376
17199,562,0.8346204110728289
17201,2122,0.7345203810367745
17203,69,0.1763668430335097
18001,120,0.34469881940654357
18003,2462,0.6734780408408901
18005,463,0.5772851389598893
18007,56,0.6430129750832472
18009,91,0.7360077644775154
18011,133,0.2149182341154418
18013,64,0.42766455061810893
18015,81,0.4048582995951417
18017,249,0.6497234109174408
18019,782,0.6860070355197249
18021,194,0.730201746461909
18023,177,0.5414168603939802
18025,131,1.237951237951238
18027,178,0.5462971488199367
18029,185,0.3733451727478205
18031,144,0.5466970387243736
18033,224,0.527195274070936
18035,1001,0.8595004422005272
18037,125,0.295194237808478
18039,883,0.43790914501091055
18041,303,1.2834632328024398
18043,503,0.6593262550793026
18045,105,0.6272026760647512
18047,149,0.6510245991174028
18049,112,0.5486968449931412
18051,179,0.5314095713098207
18053,705,1.032679547085793
18055,275,0.8427052370300003
18057,359,0.11846542723450874
18059,194,0.2696129525397818
18061,207,0.5257810515621031
18063,245,0.15723573165957502
18065,337,0.6884154188711621
18067,678,0.8195532346968378
18069,179,0.487791584913887
18071,251,0.5751999450008021
18073,143,0.42736319894802904
18075,139,0.6557841102094735
18077,256,0.788128809802352
18079,226,0.8064803911073047
18081,458,0.3103674940874315
18083,379,0.9985246074401939
18085,294,0.3747084538815463
18087,104,0.27086860268264096
18089,3403,0.6949180923753008
18091,663,0.5973349670699954
18093,350,0.7659313725490196
18095,1066,0.820871386548798
18097,7293,0.782391524038183
18099,200,0.4270493028420131
18101,74,0.724212174593854
18103,256,0.7092788075250048
18105,632,0.4410574212098372
18107,194,0.5090794583814422
18109,315,0.4532113259668508
18111,68,0.48495221794323207
18113,203,0.42658709311366555
18115,27,0.4497751124437781
18117,184,0.9397824199397313
18119,119,0.565643121969769
18121,97,0.5694827687430283
18123,116,0.6010051292679136
18125,92,0.7328341564441612
18127,594,0.35565454806725105
18129,108,0.4230814431778117
18131,81,0.627420604182804
18133,148,0.39334502737468774
18135,149,0.5865448962720938
18137,100,0.34924737191352634
18139,112,0.6637823742073135
18141,1675,0.6257097603251449
18143,266,1.1207550349709277
18145,222,0.4999549590127016
18147,94,0.45242335274582474
18149,196,0.8496250379296891
18151,172,0.5017649289652557
18153,129,0.6135261105298202
18155,74,0.7058374666157955
18157,687,0.37459718534109065
18159,42,0.2718974558166634
18161,46,0.6343952558267825
18163,1551,0.8536424278449244
18165,119,0.755459624174708
18167,1068,0.9879832375877667
18169,174,0.5407589271840134
18171,31,0.37308942110964016
18173,209,0.3402412619857717
18175,233,0.838370754173863
18177,756,1.1212790887382644
18179,92,0.33050725678976867
18181,126,0.5192664331341438
18183,126,0.37776578521316784
19001,44,0.6002728512960437
19003,19,0.4971219256933543
19005,72,0.514248982215556
19007,172,1.3648627202031423
19009,23,0.39703089936129815
19011,143,0.5559875583203733
19013,1066,0.8025839287462073
19015,127,0.480860247624096
19017,61,0.24733406317155254
19019,119,0.5658313917550283
19021,82,0.40107605771582294
19023,67,0.4486707292573495
19025,55,0.5569056298096395
19027,115,0.5594745803940646
19029,130,0.9677659495272835
19031,62,0.3371580836369569
19033,328,0.7574532942290373
19035,47,0.39993192648059905
19037,64,0.5261427162117724
19039,63,0.6793917825946296
19041,94,0.5704575798033742
19043,97,0.5469410769664504
19045,392,0.8171433336112732
19047,92,0.5365370035574736
19049,134,0.17163204139662372
19051,43,0.4904197080291971
19053,83,1.0109622411693058
19055,83,0.4757810260819719
19057,345,0.8600488607468714
19059,76,0.44585239938988613
19061,564,0.5853111800662107
19063,38,0.3869653767820774
19065,200,0.9808248737187976
19067,124,0.7748062984253936
19069,34,0.3271432695083229
19071,43,0.6126228807522439
19073,62,0.6825938566552902
19075,39,0.31520245696274146
19077,59,0.551866055560752
19079,73,0.47941157155053526
19081,26,0.23623478102852988
19083,94,0.5425998614638651
19085,97,0.6766655040111615
19087,112,0.5616568878190662
19089,42,0.4453870625662778
19091,78,0.8119079837618403
19093,24,0.34086067319982954
19095,69,0.42263873575891214
19097,135,0.6912796354139996
19099,225,0.6128285441917471
19101,156,0.8832521798210847
19103,550,0.3873075785530189
19105,90,0.4394316683755676
19107,72,0.7035372288450263
19109,74,0.48601077104952056
19111,336,0.9553053565336064
19113,1217,0.5580623268952108
19115,67,0.5955026219891566
19117,87,1
19119,18,0.1534526854219949
19121,57,0.3639614328586936
19123,168,0.752553305859165
19125,147,0.44281109738831825
19127,254,0.623542408248435
19129,71,0.47840442018731894
19131,47,0.43692479315794364
19133,62,0.6878952623987573
19135,36,0.45203415369161226
19137,93,0.8959537572254336
19139,270,0.6286525879531537
19141,67,0.4766986837424404
19143,24,0.3899902502437439
19145,168,1.0802469135802468
19147,44,0.480611687602403
19149,68,0.2723049815793689
19151,48,0.6797903979606288
19153,2461,0.5359799110983342
19155,752,0.8068842679027447
19157,75,0.40274943615078945
19159,44,0.8705975464978234
19161,46,0.45844129958142316
19163,1245,0.7275766146941256
19165,74,0.6195579370395178
19167,69,0.19930100228185205
19169,214,0.2256574646223928
19171,77,0.44194455604660504
19173,45,0.7247543887904655
19175,126,1.004864821756121
19177,50,0.6775067750677507
19179,405,1.1491969808750921
19181,133,0.2761054598297696
19183,110,0.4973999547818223
19185,61,0.952678431985007
19187,325,0.8771929824561403
19189,56,0.5293005671077505
19191,87,0.41849054788590123
19193,739,0.7214964950305587
19195,26,0.34382438508331126
19197,58,0.4499263051741525
20001,153,1.18137595552467
20003,54,0.687197760244337
20005,129,0.7791266533792354
20007,32,0.6623887393914303
20009,216,0.793709120305725
20011,135,0.9151921903599756
20013,80,0.8154943934760449
20015,236,0.35615115296390193
20017,13,0.48255382331106156
20019,55,1.585014409221902
20021,222,1.0705502242368712
20023,0,0
20025,10,0.4692632566870014
20027,46,0.5511622334052241
20029,72,0.7740270909481831
20031,53,0.6284833392624214
20033,10,0.5268703898840885
20035,269,0.7476999193929454
20037,371,0.9444769736004685
20039,21,0.7276507276507277
20041,110,0.5674783326454808
20043,35,0.4491210060310535
20045,481,0.41340071507150716
20047,16,0.5378151260504201
20049,25,0.9487666034155597
20051,141,0.4856709837420777
20053,36,0.5647058823529412
20055,210,0.5678284617256577
20057,159,0.46097645830917316
20059,170,0.6624322955227371
20061,163,0.4427182356456082
20063,11,0.41014168530947054
20065,21,0.8149010477299184
20067,31,0.40010325245224576
20069,0,0
20071,0,0
20073,59,0.9359137055837564
20075,13,0.506427736657577
20077,33,0.5691617799241118
20079,166,0.4768196702476015
20081,10,0.24467824810374358
20083,0,0
20085,64,0.4788627010849233
20087,78,0.413135593220339
20089,21,0.6993006993006993
20091,1044,0.18238101560370912
20093,26,0.6593963986812071
20095,35,0.4547226192022866
20097,22,0.873015873015873
20099,244,1.171218739499832
20101,0,0
20103,291,0.3693596496795075
20105,14,0.4467134652201659
20107,64,0.6719865602687947
20109,14,0.5
20111,229,0.6856082153228945
20113,105,0.3600329172952956
20115,62,0.5076557766314582
20117,55,0.5520425574626117
20119,14,0.3248259860788863
20121,160,0.487998292005978
20123,30,0.4762660739799968
20125,437,1.294239597216052
20127,30,0.5268703898840885
20129,16,0.5275304978569073
20131,43,0.4225213717205464
20133,141,0.8619635652280231
20135,0,0
20137,17,0.30586541921554516
20139,137,0.8561964877195176
20141,22,0.587293112653497
20143,24,0.39973351099267157
20145,29,0.42397660818713445
20147,19,0.3464624361779723
20149,65,0.28359511343804533
20151,44,0.4522561414328297
20153,11,0.4301916308173641
20155,454,0.7115652868987352
20157,31,0.6501677852348994
20159,44,0.4422555030656347
20161,199,0.2652413829872311
20163,31,0.6007751937984496
20165,23,0.7315521628498728
20167,60,0.8586147681740127
20169,384,0.691306461195024
20171,18,0.3630496167809601
20173,3319,0.6530623488600432
20175,123,0.530515419452232
20177,1649,0.9234629018799666
20179,0,0
20181,57,0.9440211990725405
20183,22,0.5944339367738449
20185,19,0.44351073762838467
20187,0,0
20189,13,0.2265597769257581
20191,124,0.5274575694414905
20193,42,0.53104058667341
20195,15,0.5124701059104886
20197,30,0.43103448275862066
20199,0,0
20201,29,0.516657758774274
20203,10,0.46125461254612543
20205,93,1.0384100044662796
20207,24,0.7532956685499058
20209,1614,0.9976696316534488
21001,389,2.0306953434955104
21003,353,1.7286127026100582
21005,167,0.763707870306855
21007,111,1.3510223953261928
21009,712,1.6448356319449255
21011,317,2.6170230331049282
21013,905,3.269981211157682
21015,492,0.3915451709428917
21017,251,1.254749050189962
21019,871,1.78791362180803
21021,442,1.4907251264755481
21023,126,1.4992860542598763
21025,549,4.073909171861087
21027,341,1.7049999999999998
21029,460,0.5918149420407323
21031,180,1.4031805425631432
21033,196,1.5362909546950934
21035,362,0.9451203592501697
21037,565,0.6177834149755074
21039,61,1.2313282196205086
21041,210,1.9487750556792873
21043,597,2.1874541990326835
21045,405,2.542692114515319
21047,824,1.1144773858472192
21049,480,1.3443118803562426
21051,839,3.965028355387524
21053,352,3.460479748328746
21055,112,1.2159374660731734
21057,193,2.8466076696165192
21059,1242,1.2580527531299381
21061,172,1.4231342048651332
21063,148,1.9318626811121262
21065,426,2.9571012078300707
21067,2187,0.702021320647516
21069,309,2.1247335487863577
21071,1134,2.972944630872483
21073,532,1.0643831779440598
21075,171,2.704412462438716
21077,65,0.7608568418588318
21079,243,1.4251363556389653
21081,293,1.1859947379073061
21083,569,1.5222451108911421
21085,545,2.088762839184424
21087,247,2.22062393239234
21089,472,1.3018893945662666
21091,98,1.1243689765947684
21093,1103,1.0253502272875163
21095,764,2.7255538510934323
21097,282,1.5137688550110044
21099,406,2.193408968125338
21101,573,1.2359259738579007
21103,181,1.165636269963936
21105,72,1.5348539756981454
21107,669,1.4430854850190902
21109,463,3.466347233660253
21111,7476,0.9840415729922972
21113,422,0.8272076840145056
21115,580,2.491408934707904
21117,1236,0.7564583550090885
21119,393,2.4741878619994964
21121,1008,3.175803402646503
21123,209,1.4794365399589438
21125,1146,1.9115929941618017
21127,417,2.6275992438563325
21129,249,3.610788863109049
21131,306,2.8153463980126965
21133,622,2.6601659396116673
21135,349,2.5575260149494357
21137,579,2.370619063216508
21139,139,1.4861541751309741
21141,365,1.364129012968569
21143,74,0.8888888888888888
21145,849,1.3003124425657049
21147,574,3.215686274509804
21149,138,1.4538558786346398
21151,1075,1.2310475928725206
21153,443,3.4375727477302704
21155,345,1.7695030004616097
21157,301,0.9643417806683112
21159,291,2.3321045039269115
21161,293,1.700621045910964
21163,194,0.674759138812563
21165,192,3.0260047281323876
21167,253,1.181635607865116
21169,262,2.62446158469398
21171,265,2.478488589599701
21173,431,1.5735095469314737
21175,318,2.3768592570446225
21177,466,1.4928241927216812
21179,453,1.0094707520891364
21181,120,1.6992353440951573
21183,380,1.5733686651209011
21185,145,0.22700231698916648
21187,154,1.442893282113745
21189,234,5.140597539543058
21191,178,1.2268247294782548
21193,781,2.807534689769214
21195,1394,2.2200633848799987
21197,360,2.90627270525551
21199,1499,2.3505613748980743
21201,34,1.5518028297581012
21203,417,2.46847806783875
21205,431,1.773516582997284
21207,430,2.431576566387695
21209,323,0.6290410532055776
21211,267,0.5937687637600908
21213,170,0.9520609318996416
21215,110,0.6180469715698393
21217,509,2.010665613272763
21219,155,1.2434817488969114
21221,180,1.2616527651223102
21223,92,1.0513084218946407
21225,135,0.8961168270826418
21227,1232,1.017626749045975
21229,198,1.6476658067737373
21231,652,3.1716690178527998
21233,178,1.3352336658915311
21235,1274,3.554489146811004
21237,372,5.1516410469464065
21239,145,0.5666054472275409
22001,931,1.492656961457064
22003,306,1.1944260119442602
22005,653,0.5580767291404934
22007,349,1.519174683323902
22009,897,2.1744400271501987
22011,375,1.029230135858378
22013,272,1.9534616489514507
22015,1051,0.8426876202694035
22017,3830,1.5130864197530864
22019,1927,0.9770170306186086
22021,181,1.8105431629488848
22023,24,0.3561359252114557
22025,207,2.0404139970428785
22027,268,1.6289812788718696
22029,413,2.0356861198738168
22031,450,1.6637704736199947
22033,4517,1.0142880560115148
22035,224,3.0192748348834075
22037,265,1.3413646487143147
22039,758,2.244928180068118
22041,464,2.2673964034401877
22043,308,1.376720901126408
22045,1158,1.5691269529397418
22047,501,1.5109020175517958
22049,247,1.5438464904056504
22051,4255,0.9777024108234299
22053,377,1.20067518073824
22055,2042,0.8690730029834485
22057,950,0.9724838260584718
22059,171,1.1455751323105783
22061,453,0.9540859309182813
22063,826,0.6076880632701858
22065,208,1.7622638312293486
22067,596,2.228953962377052
22069,718,1.8289265882113201
22071,6868,1.793576759757862
22073,2078,1.328661491834934
22075,179,0.7589891451831751
22077,364,1.6274702673701151
22079,2078,1.5698065315434415
22081,140,1.5987210231814548
22083,375,1.8122946066112509
22085,327,1.3543737574552683
22087,538,1.2202036696831553
22089,338,0.6412688775897397
22091,352,3.285420944558522
22093,260,1.2047634493304296
22095,520,1.1848341232227488
22097,1953,2.333361211006105
22099,708,1.3262152289969094
22101,813,1.5324298343166267
22103,1621,0.6582233249008198
22105,1848,1.4538016756480354
22107,148,3.087836428124348
22109,1472,1.3015146022511253
22111,328,1.460373998219056
22113,682,1.1457563335797327
22115,400,0.7677395827335368
22117,989,2.132982509112084
22119,662,1.641254493615966
22121,267,1.067274253507615
22123,203,1.7854001759014952
22125,104,0.6760270410816432
22127,186,1.2657366451173868
23001,1552,1.4453881686782895
23003,1195,1.7217779698868958
23005,2027,0.7033212585529695
23007,377,1.2454575487281137
23009,443,0.8130976634913643
23011,1670,1.380701594834357
23013,343,0.8636100410403605
23015,272,0.7961363968974097
23017,828,1.4450513970575403
23019,2108,1.3779759181058715
23021,263,1.5430650082140343
23023,291,0.8282575283201458
23025,858,1.6704631738800304
23027,461,1.1799032530521358
23029,560,1.7541111981205952
23031,1444,0.7200702118322895
24001,741,1.0142348754448398
24003,2005,0.358203942208573
24005,4213,0.5102547519214792
24009,266,0.2938349884564826
24011,276,0.8452515848467216
24013,500,0.29844510102366667
24015,560,0.5480792757523856
24017,633,0.4100883017938934
24019,411,1.2665249144864565
24021,666,0.2735506130244594
24023,236,0.7952286282306162
24025,967,0.3871468836077125
24027,866,0.28076136256796147
24029,144,0.7265755083505727
24031,3904,0.38036928167300127
24033,3443,0.38353869307213045
24035,126,0.2586631630809657
24037,483,0.43641292071380167
24039,288,1.1120120467971737
24041,206,0.5468832961665073
24043,1177,0.7869172500016715
24045,826,0.8135766840347888
24047,265,0.5151532824011975
24510,9475,1.5257648953301128
25001,1193,0.5556512950447827
25003,1471,1.1441861188677924
25005,6207,1.118644434351954
25007,55,0.32094298885452527
25009,7050,0.9163436717695961
25011,680,0.9588809295504541
25013,9083,1.940513425284999
25015,1064,0.6607259291458379
25017,7136,0.4552152640006124
25019,10,0.09351037965214139
25021,3070,0.44414352635492704
25023,2833,0.5591554049386468
25025,9666,1.25905441965094
25027,6552,0.805320622574789
26001,134,1.2809482841028583
26003,74,0.7875691783737762
26005,572,0.5032287579399293
26007,457,1.5797296830170418
26009,168,0.7236700409218177
26011,260,1.6963528413910092
26013,75,0.8708778448676265
26015,259,0.43664441297457685
26017,1206,1.1365885379852412
26019,120,0.6872065055549192
26021,1577,1.016540539146802
26023,332,0.7614154989335595
26025,1675,1.2435871736047694
26027,352,0.6796022782121827
26029,180,0.6877579092159559
26031,275,1.0751006685171431
26033,376,0.9809548656404904
26035,469,1.5322791427077886
26037,188,0.24338144863745226
26039,151,1.0910404624277457
26041,441,1.2059064807219033
26043,195,0.7532156514349724
26045,629,0.5794885023584906
26047,180,0.5439545495754132
26049,4900,1.1861821879009418
26051,295,1.1629282138211061
26053,190,1.2140575079872205
26055,574,0.632750923221077
26057,378,0.9069968327094731
26059,412,0.8951851208065357
26061,267,0.7302064816080952
26063,280,0.8744261578339215
26065,2466,0.8666041137338829
26067,430,0.6705548451486137
26069,318,1.2533007527686912
26071,114,1.0006144123584657
26073,437,0.6192082069884093
26075,1433,0.8985283697948997
26077,2115,0.81784961621005
26079,164,0.9502288660988469
26081,4477,0.711366612007271
26083,13,0.592255125284738
26085,247,2.163819535698642
26087,418,0.4733325784169403
26089,46,0.21135820621209336
26091,654,0.6627952935453467
26093,328,0.17649496074601406
26095,97,1.5036428460703766
26097,98,0.8910711038370612
26099,5518,0.6418495689790544
26101,248,1.0136930308604128
26103,461,0.683793645613931
26105,323,1.123282907320466
26107,407,0.940844679719827
26109,195,0.8273930753564154
26111,546,0.6534305101784368
26113,133,0.8847791378392762
26115,850,0.5668745206575745
26117,619,0.9837576682241506
26119,161,1.7280240420736288
26121,2030,1.179217882287334
26123,510,1.0634526763559022
26125,5876,0.47570665835502324
26127,306,1.1700825940654633
26129,315,1.49267876605222
26131,63,1.0218978102189782
26133,304,1.3119281891938548
26135,105,1.2538810604251254
26137,205,0.8471774526820398
26139,856,0.30949118347837723
26141,176,1.3585488228483211
26143,364,1.5230125523012552
26145,2524,1.2930261627758055
26147,1107,0.691576757523318
26149,448,0.7353544638313937
26151,369,0.8835995306625799
26153,113,1.380405570486196
26155,588,0.8546511627906976
26157,452,0.8368200836820083
26159,773,1.0277068708785364
26161,1609,0.44933841969157906
26163,24343,1.3771835484752428
26165,454,1.3829236345913674
27001,110,0.6996565322478057
27003,1096,0.3211731023387614
27005,256,0.7670411985018727
27007,505,1.1063885724301112
27009,146,0.37002306308132904
27011,31,0.6080816006276971
27013,436,0.6654050424272023
27015,107,0.4224740395625222
27017,186,0.524209458316893
27019,141,0.14514684537228623
27021,283,0.9883700625152796
27023,42,0.34636318654131615
27025,182,0.33678133269184507
27027,375,0.6107292922054656
27029,81,0.9242355089000457
27031,17,0.3259827420901246
27033,80,0.6922211646621096
27035,483,0.7627801203392239
27037,1150,0.279531941993476
27039,63,0.30941505819949905
27041,210,0.569692366122294
27043,100,0.7082654578936185
27045,81,0.3879867797097284
27047,193,0.6276218659555787
27049,172,0.37029063509149623
27051,22,0.370183409052667
27053,6248,0.5166774859108633
27055,93,0.49491777978819645
27057,160,0.7751937984496124
27059,127,0.3302046228647201
27061,373,0.8223829261839668
27063,32,0.3148676571878382
27065,93,0.5842442517904259
27067,271,0.6374970595154081
27069,28,0.6311992786293958
27071,135,1.0440835266821344
27073,31,0.44823597455176406
27075,49,0.4570469172651805
27077,15,0.3845167905665214
27079,92,0.33273056057866185
27081,28,0.4833419644398412
27083,159,0.6194000779119595
27085,127,0.3535044257640706
27087,56,1.0218978102189782
27089,44,0.4677865192430364
27091,183,0.9062546426979647
27093,76,0.32908980687624495
27095,174,0.6747324336900884
27097,285,0.8675799086757991
27099,278,0.7083163473298002
27101,46,0.54354247902635
27103,108,0.32504665021368806
27105,118,0.5430530627272309
27107,52,0.783368484483278
27109,654,0.43569791611149605
27111,317,0.5494505494505495
27113,111,0.7841198078553263
27115,206,0.7087074689510442
27117,58,0.624663435648896
27119,258,0.8177496038034865
27121,61,0.5558086560364465
27123,3720,0.6998690567571229
27125,15,0.3711034141514102
27127,70,0.4493516497624856
27129,84,0.5601867289096366
27131,205,0.31482277781190493
27133,41,0.4291396273812016
27135,54,0.34595425715933115
27137,1851,0.92386937056096
27139,308,0.22080435873539322
27141,285,0.31254112383208316
27143,52,0.3476633014641974
27145,717,0.46661156702090967
27147,177,0.48438740045428424
27149,56,0.5736529399713174
27151,74,0.7803437730675946
27153,186,0.7643312101910829
27155,41,1.2069473064468648
27157,95,0.4454447414076054
27159,184,1.3376953834969103
27161,80,0.4203005148681307
27163,529,0.21266759130836801
27165,49,0.4456165878501273
27167,48,0.7408550702268869
27169,242,0.47316453221233745
27171,286,0.22013207924754855
27173,57,0.5678421996413628
28001,675,2.1261851513528836
28003,671,1.7984936610469324
28005,254,2.001260636621494
28007,399,2.090647105056327
28009,148,1.766531391740272
28011,1048,3.117655808418861
28013,266,1.806574300461831
28015,174,1.6891563925832445
28017,374,2.1547502448579823
28019,134,1.610576923076923
28021,226,2.4541209686176564
28023,259,1.59846941924335
28025,337,1.6727056137390184
28027,756,3.0478955007256894
28029,598,2.077831827658096
28031,387,1.9843101061375175
28033,861,0.5038328749487975
28035,973,1.27566405328159
28037,136,1.7395753389613713
28039,288,1.2353622442414103
28041,184,1.3198479305645219
28043,473,2.198159680267683
28045,463,1.0059094464239158
28047,2242,1.129072871027849
28049,3407,1.3929091236160853
28051,778,4.194748476842617
28053,360,4.080707322602584
28055,32,2.366863905325444
28057,336,1.429118285058058
28059,1108,0.7866524671636492
28061,332,2.0074978836618693
28063,237,3.148246546227418
28065,233,1.9794409990654998
28067,913,1.3364952498060398
28069,230,2.2709320695102684
28071,326,0.6246048320656027
28073,488,0.8184760914412224
28075,1129,1.4249113374477806
28077,235,1.864635404268825
28079,409,1.777410803528747
28081,1101,1.2910261371231575
28083,900,2.9508196721311477
28085,457,1.3173445562249575
28087,861,1.4401605753951658
28089,710,0.6975076381998409
28091,464,1.7977528089887642
28093,678,1.8731351530555864
28095,432,1.199034111410253
28097,302,2.9170288805177242
28099,457,1.5505191015810544
28101,262,1.210049879918714
28103,361,3.2528383492521176
28105,490,0.9914211719002913
28107,795,2.316501063550803
28109,708,1.283375931263255
28111,196,1.6099885000821423
28113,884,2.2133753974811587
28115,333,1.0789968245739097
28117,321,1.2668218951024113
28119,254,3.327220330102174
28121,785,0.5306563915365375
28123,522,1.846611008914674
28125,166,3.5607035607035606
28127,414,1.5176509402837348
28129,196,1.2145999876061226
28131,242,1.3448180050013894
28133,738,2.691073512252042
28135,406,2.7476989713048185
28137,351,1.238619521490578
28139,425,1.9264765876433527
28141,303,1.5536071373634825
28143,295,2.8346305371384646
28145,325,1.1611704598235022
28147,286,1.9308668647042937
28149,718,1.5010243759668855
28151,1425,2.9186465672620026
28153,356,1.7351464639079786
28155,246,2.479338842975207
28157,288,3.119246182172642
28159,358,1.9331497381068092
28161,369,2.9806138933764137
28163,618,2.2295176593672212
29001,268,1.0490468548166125
29003,65,0.37470455986625933
29005,37,0.6877323420074349
29007,241,0.931653007576929
29009,367,1.0275506775674768
29011,124,1.0269151138716357
29013,128,0.7751468539938231
29015,221,1.1739707835325364
29017,152,1.2375834554632796
29019,928,0.5371209621873788
29021,779,0.8712184756472627
29023,843,1.9656306106745636
29025,50,0.5520591807441757
29027,319,0.7137583066699483
29029,241,0.5458416379778945
29031,595,0.7619511070701379
29033,95,1.0545010545010547
29035,140,2.2403584573531763
29037,310,0.3059492321661206
29039,170,1.220212460522538
29041,48,0.6303348653972423
29043,379,0.46189657904037634
29045,45,0.6559766763848397
29047,802,0.34400669140197737
29049,116,0.5660193227286034
29051,428,0.558724854117985
29053,140,0.7948674274683474
29055,284,1.1570584640456305
29057,63,0.8300395256916997
29059,178,1.0782650835958323
29061,48,0.5813249364175851
29063,31,0.2439792224146073
29065,221,1.4186673513929902
29067,145,1.076706022128165
29069,862,2.7565476000127913
29071,662,0.6486189902315236
29073,105,0.7058823529411765
29075,88,1.3046701260192735
29077,2308,0.8085507393614971
29079,99,0.9676473463004595
29081,89,1.0290206960342236
29083,250,1.1399908800729595
29085,111,1.1977986403366785
29087,27,0.5951068988318272
29089,97,0.9558533701221915
29091,686,1.7037129020240904
29093,208,2.0352250489236794
29095,5215,0.7628250417249939
29097,1257,1.0709173936750274
29099,941,0.4230107033845351
29101,241,0.444411661657047
29103,41,1.0257693269952466
29105,453,1.2758766370933672
29107,200,0.6099606575375888
29109,315,0.8245209925662235
29111,69,0.6800709639266705
29113,294,0.5415760969679108
29115,150,1.217631301241984
29117,143,0.9497243806867238
29119,208,0.9154929577464789
29121,112,0.7273199558412884
29123,214,1.7253890187857774
29125,56,0.6231222877489707
29127,383,1.327188301337584
29129,28,0.7563479200432199
29131,212,0.8476270441005956
29133,270,1.913265306122449
29135,78,0.4924242424242424
29137,74,0.8562832677620921
29139,115,0.972927241962775
29141,222,1.0999900901793678
29143,350,1.9200175544462121
29145,306,0.520930866005005
29147,110,0.47772083731434034
29149,238,2.179088079106391
29151,58,0.4232340922358436
29153,104,1.1005291005291007
29155,504,2.8637990794931527
29157,137,0.715329991645781
29159,452,1.071267745834617
29161,446,0.9948029353378092
29163,161,0.8714479025710419
29165,188,0.19795724965778666
29167,314,1.0092244399447177
29169,284,0.5328130276537466
29171,52,1.0662292392864465
29173,51,0.49877750611246946
29175,295,1.1761891471631913
29177,117,0.5104489332926138
29179,104,1.5926493108728943
29181,314,2.2531572904707233
29183,800,0.21060612442609833
29185,89,0.9423972892842016
29186,104,0.5798071026370073
29187,880,1.3287030046806583
29189,4891,0.4888262572959143
29195,255,1.098475058154562
29197,44,1.0009099181073704
29199,31,0.633558144287758
29201,646,1.6566651279684055
29203,159,1.9258720930232558
29205,47,0.7644762524398178
29207,464,1.557674231234054
29209,206,0.6603199025547328
29211,83,1.2936408977556109
29213,421,0.7817577479434759
29215,301,1.1716621253405994
29217,229,1.0990593204069878
29219,175,0.5256833884049265
29221,372,1.4878809695224382
29223,325,2.436099242935312
29225,281,0.7579231287929872
29227,14,0.6792819019893256
29229,329,1.7901839155512027
29510,4880,1.5441572002657975
30001,57,0.6117849093055705
30003,122,0.9232632056909339
30005,69,1.0440308669995462
30007,28,0.4919184820801124
30009,54,0.5222437137330754
30011,0,0
30013,696,0.8482735926092946
30015,31,0.5310947404488607
30017,102,0.8514190317195325
30019,0,0
30021,42,0.4453398367087265
30023,110,1.1987794245858763
30025,0,0
30027,74,0.6474757196605128
30029,534,0.5639097744360901
30031,222,0.2266277384185059
30033,0,0
30035,164,1.1975173420956553
30037,0,0
30039,21,0.6537982565379826
30041,122,0.7380966785649465
30043,43,0.37065770192224806
30045,11,0.5552751135790005
30047,283,0.9655078298249804
30049,423,0.641015926896907
30051,0,0
30053,230,1.1936890180610338
30055,0,0
30057,32,0.40973111395646605
30059,13,0.6632653061224489
30061,55,1.302391664693346
30063,833,0.7365098451826244
30065,49,1.025533696107158
30067,117,0.7384964968755917
30069,0,0
30071,32,0.7710843373493975
30073,45,0.7298086279597794
30075,0,0
30077,48,0.6928406466512702
30079,10,0.7072135785007072
30081,318,0.7731582786287381
30083,41,0.35990168539325845
30085,103,0.917186108637578
30087,76,0.8130081300813009
30089,130,1.1428571428571428
30091,21,0.5761316872427984
30093,384,1.1111111111111112
30095,32,0.3425390708627703
30097,13,0.3577325261419923
30099,36,0.5933739904400857
30101,33,0.6452874462260462
30103,0,0
30105,53,0.6995776135163675
30107,18,0.8534850640113799
30109,0,0
30111,953,0.6134771861159748
31001,223,0.7071283612379502
31003,30,0.4672169444011836
31005,0,0
31007,0,0
31009,0,0
31011,10,0.18681113394358304
31013,77,0.6826846351626917
31015,16,0.7976071784646062
31017,28,0.9265387160820648
31019,190,0.3925457625717946
31021,55,0.8340915984228086
31023,39,0.47531992687385743
31025,84,0.3298904292502847
31027,24,0.27723229756266604
31029,16,0.39399162767791185
31031,34,0.5881335409098772
31033,63,0.624380574826561
31035,27,0.4276888959290353
31037,19,0.18096961615391943
31039,27,0.2981778023191607
31041,59,0.547106824925816
31043,112,0.5411412281973232
31045,42,0.4624532041400573
31047,136,0.5684668115699716
31049,16,0.8281573498964804
31051,16,0.27543467033912894
31053,197,0.5370920690313258
31055,3327,0.6124218366028351
31057,13,0.7131102578167855
31059,21,0.36997885835095135
31061,16,0.5201560468140443
31063,10,0.38476337052712584
31065,29,0.5979381443298969
31067,154,0.7071356414730462
31069,18,0.932642487046632
31071,14,0.7113821138211381
31073,0,0
31075,0,0
31077,0,0
31079,348,0.5695114966042059
31081,23,0.2522483000658039
31083,19,0.5483405483405484
31085,0,0
31087,23,0.8025122121423587
31089,69,0.666023166023166
31091,0,0
31093,24,0.3770620581304006
31095,65,0.88387272232798475
31097,21,0.4064253919101994
31099,27,0.4123396456933414
31101,44,0.5430087621868444
31103,0,0
31105,26,0.7002423915970912
31107,67,0.783534089580166
31109,1628,0.5395963633591531
31111,296,0.827347178354809
31113,0,0
31115,0,0
31117,0,0
31119,236,0.6718861209964413
31121,54,0.6929295521621968
31123,35,0.7226925459425976
31125,24,0.6653728860548933
31127,47,0.6618786086466695
31129,22,0.5055147058823529
31131,73,0.45940843297671496
31133,12,0.44526901669758817
31135,0,0
31137,59,0.638804677349502
31139,23,0.320378882852765
31141,115,0.35164969574656757
31143,16,0.3052270125906143
31145,65,0.5972069092245498
31147,77,0.9449012148729905
31149,0,0
31151,56,0.3900808024519365
31153,441,0.2557114693262206
31155,79,0.37716031700563357
31157,347,0.9481133364299571
31159,46,0.26880149593876
31161,33,0.6274957216200799
31163,19,0.6148867313915858
31165,0,0
31167,11,0.1826635669212886
31169,26,0.5035831880689522
31171,0,0
31173,81,1.1589640864215196
31175,27,0.6367924528301887
31177,54,0.26551283312026747
31179,24,0.25493945188017847
31181,43,1.1732605729877217
31183,0,0
31185,70,0.5057072677358763
32001,210,0.869637237038264
32003,12852,0.6208236782498685
32005,143,0.3015223716948509
32007,180,0.3459609064175748
32009,0,0
32011,0,0
32013,92,0.5382950090691007
32015,25,0.4232266802099204
32017,33,0.6401551891367604
32019,312,0.6011908202786288
32021,52,1.150697056870989
32023,373,0.8634659011991296
32027,24,0.35874439461883406
32029,0,0
32031,2549,0.5794314343258
32033,51,0.5155160214292934
32510,405,0.7443211056384621
33001,346,0.5729235660352365
33003,228,0.4808503458748102
33005,470,0.6158280922431866
33007,337,1.0459666656320805
33009,334,0.37459064196312414
33011,2278,0.5625413633355394
33013,634,0.429204887790678
33015,662,0.2203985151399131
33017,722,0.5734118002112569
33019,262,0.6085805207776823
34001,2504,0.9137819039069286
34003,4071,0.4375960701271619
34005,1879,0.41733668564930393
34007,5177,1.0128241497031174
34009,648,0.6792168043268626
34011,1885,1.210319498664475
34013,8649,1.0912380486155444
34015,1434,0.49229966424750926
34017,7957,1.190230447282529
34019,256,0.20364654596366183
34021,2837,0.7644819065429627
34023,4136,0.49720382952736786
34025,2655,0.42308599402102204
34027,1309,0.2627379745692121
34029,2527,0.43110654660966347
34031,4871,0.9603630886191749
34033,573,0.8883170035966762
34035,785,0.23666962126830796
34037,520,0.3593791034873595
34039,3484,0.6329527865183237
34041,512,0.47808020916009153
35001,6129,0.908300075432328
35003,34,0.9585565266422329
35005,864,1.316872427983539
35006,345,1.2603660541409418
35007,175,1.37621893677257
35009,567,1.1217948717948718
35011,35,1.7703591299949417
35013,3676,1.719162866830352
35015,478,0.8479838208944632
35017,357,1.2361923889331348
35019,128,2.864175430745133
35021,0,0
35023,76,1.6773339218715515
35025,668,0.9690990860293051
35027,150,0.7604177228023928
35028,27,0.15088013411567477
35029,865,3.512405083851058
35031,1773,2.384795416027762
35033,137,2.9795563288386258
35035,557,0.85255537018046
35037,153,1.788427819988311
35039,663,1.6606552449654342
35041,225,1.1469059027423794
35043,980,0.7095433581673509
35045,1534,1.251866783094086
35047,670,2.36331569664903
35049,1010,0.6855824056475699
35051,270,2.3597273203985316
35053,417,2.4070653428769337
35055,523,1.5867237037711233
35057,241,1.5449708314635553
35059,57,1.3280521901211557
35061,813,1.0698353795744344
36001,2281,0.7408465983091419
36003,436,0.9140461215932915
36005,29388,2.045399972856064
36007,2271,1.1505666705508635
36009,903,1.1502305556263215
36011,591,0.7501618369445185
36013,1538,1.1673801499833014
36015,1058,1.2058079369059287
36017,614,1.2457898794789595
36019,1095,1.3434758603766641
36021,494,0.7985774329130293
36023,392,0.8047133208794367
36025,405,0.871342512908778
36027,1634,0.5522042547439212
36029,8573,0.9296963873818089
36031,322,0.8342401160681902
36033,617,1.2096378928382379
36035,718,1.3223566679558723
36037,392,0.6638104753357155
36039,477,0.9923235349185546
36041,26,0.5535448158398978
36043,591,0.9298593410742944
36045,973,0.8248139294372955
36047,38185,1.464793551762816
36049,216,0.796842144095621
36051,422,0.653028380427718
36053,485,0.6727794809194191
36055,6932,0.9252091463837829
36057,677,1.363078100146979
36059,5088,0.3749997236145905
36061,26589,1.6262494732380464
36063,1963,0.9199808786450082
36065,2523,1.0834929441977514
36067,3931,0.8398675355197094
36069,681,0.6222019186843308
36071,2111,0.5610750527585968
36073,339,0.8083361152177023
36075,1068,0.886211446068059
36077,475,0.7789566900080356
36079,290,0.29172702398197325
36081,23024,0.9967052104946685
36083,1373,0.8583449508936666
36085,3957,0.8360024000473248
36087,1600,0.49590567873990365
36089,1281,1.1485801899057644
36091,1040,0.4623681250527944
36093,1684,1.087539152055281
36095,274,0.8652540499573689
36097,156,0.8507853403141361
36099,279,0.7963237812535677
36101,948,0.9658587278784729
36103,6316,0.42159225167375325
36105,887,1.1699068822707008
36107,397,0.7996132852625429
36109,532,0.5102236544289716
36111,1409,0.7805877953519293
36113,641,0.9875059697123755
36115,695,1.1126230689185943
36117,764,0.8315736769924026
36119,5602,0.5779851820364434
36121,211,0.5116515919396688
36123,206,0.8205209909981679
37001,1168,0.7469367917529992
37003,209,0.5616618741769908
37005,133,1.2237762237762237
37007,328,1.267241046246571
37009,386,1.430053349140486
37011,166,0.9414166619406795
37013,710,1.4943278681623977
37015,562,2.7652037000590433
37017,587,1.7037209032332967
37019,772,0.6478303557192847
37021,2038,0.8148349539406345
37023,653,0.7330324869221616
37025,944,0.49090984731871695
37027,583,0.7142594611812847
37029,52,0.5084082909659757
37031,518,0.7557961393116127
37033,309,1.3380098726942062
37035,1067,0.6863457716083133
37037,272,0.3954752973334496
37039,361,1.3259384411959156
37041,250,1.7175048090134653
37043,126,1.174277726001864
37045,1155,1.1893361341941862
37047,1215,2.131018153117601
37049,902,0.8657260773586717
37051,3226,0.9900534309678646
37053,123,0.4946911196911197
37055,108,0.3069315372154489
37057,1048,0.638798473710517
37059,223,0.5364703618167822
37061,657,1.111280255746689
37063,1888,0.6408298203096892
37065,1097,2.0066216685873166
37067,2716,0.7447400676188883
37069,515,0.817603073552525
37071,1712,0.808489135927236
37073,125,1.076194575979337
37075,129,1.4911570916657033
37077,477,0.817606828816784
37079,196,0.9227437502942422
37081,3592,0.7018160858904097
37083,1512,2.860981286306269
37085,1007,0.7952930026851999
37087,639,1.0725615589908857
37089,721,0.6501059465308147
37091,478,1.9682931850936793
37093,392,0.7559832603706632
37095,72,1.2790904245869605
37097,867,0.5176335727463237
37099,288,0.6985713246173624
37101,1352,0.7422250281353792
37103,159,1.5783204288266826
37105,538,0.9035942223715149
37107,1041,1.7842757485902336
37109,509,0.6379805221663762
37111,498,1.1063470552951369
37113,354,1.0414521490982906
37115,280,1.3251301467108376
37117,459,1.9523606975754997
37119,4947,0.4889431829637844
37121,214,1.4020834698289983
37123,303,1.102820746132848
37125,501,0.5383045019877511
37127,1376,1.457858769931663
37129,1447,0.6685764450399667
37131,446,2.1621097537327905
37133,1025,0.5518021049231514
37135,451,0.3225875671461372
37137,110,0.8532423208191127
37139,512,1.2829186399057857
37141,454,0.805564427410483
37143,158,1.1729769858945807
37145,450,1.1480763343198286
37147,2109,1.2041107622038254
37149,118,0.5805943711867743
37151,1148,0.8051168401267988
37153,779,1.7042222708378911
37155,2703,2.0085304957793366
37157,1156,1.2579163855579012
37159,862,0.62151210578684
37161,654,0.9804950450517984
37163,808,1.2681870261955959
37165,627,1.7557615300607656
37167,460,0.7589506682065665
37169,363,0.7814349988160076
37171,838,1.1516209270685889
37173,136,0.955458760713784
37175,236,0.7138104167926925
37177,86,2.083333333333333
37179,659,0.30282978117216725
37181,800,1.7974296755639436
37183,3551,0.3556063834900899
37185,360,1.771304861247786
37187,276,2.207470207150284
37189,244,0.4626030903403166
37191,1448,1.1635475342917065
37193,764,1.1090465683428172
37195,1161,1.4224977639462366
37197,313,0.8276263253919987
37199,255,1.4489459628387977
38001,0,0
38003,51,0.46224961479198773
38005,68,0.9997059688326962
38007,0,0
38009,21,0.3157894736842105
38011,13,0.40148239654107476
38013,0,0
38015,357,0.3942137809187279
38017,660,0.3955601371275142
38019,10,0.2585983966899405
38021,24,0.46511627906976744
38023,0,0
38025,10,0.2334267040149393
38027,15,0.6329113924050633
38029,24,0.7005253940455342
38031,14,0.4185351270553065
38033,0,0
38035,279,0.3997535569469718
38037,0,0
38039,0,0
38041,11,0.4168245547555892
38043,15,0.6200909466721786
38045,12,0.2918997810751642
38047,12,0.6188757091284167
38049,16,0.2706359945872801
38051,14,0.5115089514066496
38053,19,0.17727187908191827
38055,38,0.3968253968253968
38057,21,0.2421865990081882
38059,127,0.42857624945162487
38061,25,0.2583979328165375
38063,14,0.46174142480211083
38065,0,0
38067,30,0.4204035874439462
38069,19,0.43448433569631834
38071,85,0.7341509759889445
38073,16,0.2932013927066154
38075,0,0
38077,64,0.3919407189662563
38079,251,1.7183542137331416
38081,0,0
38083,0,0
38085,44,0.9930038366057323
38087,0,0
38089,108,0.36196668565874585
38091,0,0
38093,148,0.7011559598256586
38095,0,0
38097,21,0.26006191950464397
38099,35,0.3183265120509322
38101,262,0.37996345389680075
38103,23,0.5503709021296961
38105,99,0.31286540467085927
39001,533,1.896054925118281
39003,946,0.9038446839409922
39005,220,0.4124252479238138
39007,917,0.9246281825056718
39009,791,1.2149977727600878
39011,150,0.32700398944867126
39013,629,0.9085918992315247
39015,408,0.9260310038811593
39017,1865,0.4991462324495903
39019,150,0.5336558986765333
39021,196,0.5003190810465858
39023,1160,0.8518450523223793
39025,980,0.487339128359159
39027,351,0.8386295216705691
39029,961,0.9132376698660079
39031,314,0.8564025637528979
39033,425,1.0003530657879252
39035,13910,1.105099665530583
39037,239,0.4579860113059308
39039,258,0.6703388069008522
39041,369,0.19524222734872695
39043,550,0.7255170958210215
39045,802,0.534086292895054
39047,337,1.1734391866012046
39049,8318,0.6750976773328529
39051,168,0.39561060613196436
39053,497,1.6361601264155912
39055,336,0.3573707721761328
39057,739,0.4497185455651909
39059,545,1.380515730280156
39061,6780,0.8412275967318681
39063,336,0.44402156676181415
39065,223,0.7045368381144951
39067,151,0.9728754590554732
39069,118,0.4230907135173897
39071,511,1.18536732468858
39073,346,1.2059951202509585
39075,108,0.24712827788201916
39077,412,0.7018261106568547
39079,479,1.4640706666259131
39081,724,1.0708950256630232
39083,406,0.6669075856631296
39085,779,0.3397799935446163
39087,1099,1.7869047038355852
39089,974,0.5737444186567077
39091,245,0.5397902529302899
39093,2128,0.6997905232315327
39095,4987,1.1469641214351427
39097,226,0.5190986976594621
39099,2630,1.12868270283029
39101,644,0.9814081072843645
39103,461,0.26261371857607535
39105,364,1.5592203898050974
39107,152,0.3717653964682287
39109,542,0.5218362474004468
39111,117,0.8101371001246366
39113,4430,0.8315173220261993
39115,173,1.164434273406475
39117,184,0.5252340717058689
39119,1129,1.3129280971264434
39121,101,0.6999792085383603
39123,218,0.531953832263732
39125,113,0.5929579682006612
39127,393,1.0932762122012964
39129,365,0.6425603830716147
39131,441,1.558414022192381
39133,690,0.42646295334866124
39135,189,0.45475325425278507
39137,113,0.3312228866221128
39139,1164,0.9549750590706223
39141,870,1.1270451983988186
39143,338,0.5645565391681978
39145,1488,1.9233254918181113
39147,371,0.6659367090879719
39149,201,0.4106314735745367
39151,2970,0.7925029752216073
39153,4161,0.7686027352726037
39155,1788,0.8725867218459017
39157,646,0.697782434461379
39159,148,0.27430265962376055
39161,162,0.5684011087330268
39163,192,1.4625228519195612
39165,504,0.22683901631080547
39167,666,1.0890538640154366
39169,609,0.5261475459407156
39171,185,0.49637778374027364
39173,445,0.34384706918666647
39175,140,0.6261460709334049
40001,338,1.5252019313207887
40003,31,0.5359612724757953
40005,216,1.5599046724922365
40007,17,0.3102755977368133
40009,220,0.9446114212108201
40011,80,0.8182469060038867
40013,590,1.3249792270205933
40015,392,1.328363266689258
40017,300,0.2315332906283042
40019,556,1.1456830826293014
40021,508,1.0524789193444797
40023,328,2.179257192213142
40025,17,0.7492287351256061
40027,1037,0.38150527190988087
40029,87,1.5117289313640312
40031,998,0.8010723774511772
40033,59,0.9732761464863081
40035,216,1.4710890145065723
40037,570,0.8035978627116493
40039,208,0.7111597374179431
40041,442,1.0667825163517002
40043,27,0.5553270259152613
40045,16,0.38806694154741694
40047,459,0.7346233254909492
40049,317,1.1498005077983315
40051,453,0.8395885460105643
40053,15,0.333555703802535
40055,92,1.5129090610097022
40057,65,2.310700319943121
40059,16,0.42272126816380445
40061,188,1.4647448383326842
40063,181,1.318569243097545
40065,209,0.8080729972162078
40067,100,1.5923566878980893
40069,167,1.5144644962365104
40071,395,0.8700823824838099
40073,70,0.4547817047817048
40075,145,1.5694339214200672
40077,162,1.5221272197688622
40079,641,1.2849553974140524
40081,250,0.7217090069284064
40083,215,0.47596909521595715
40085,79,0.8087633087633087
40087,204,0.5480629735102895
40089,560,1.6933264793928215
40091,291,1.4433807846832993
40093,32,0.41445408625825675
40095,178,1.1070340195285777
40097,398,0.9725582190943968
40099,106,0.7685614849187935
40101,993,1.419808690430232
40103,87,0.7585004359197908
40105,96,0.9134157944814463
40107,236,1.9325253848673438
40109,5588,0.7307459938433212
40111,479,1.2181476018513808
40113,292,0.6093107693591804
40115,543,1.6957091999250515
40117,158,0.9608367793724155
40119,481,0.6016034420221881
40121,551,1.2342360504446386
40123,481,1.2587339387119567
40125,689,0.9629495045492027
40127,243,2.179567674230873
40129,28,0.7502679528403001
40131,444,0.4934978326108703
40133,344,1.3541707672322167
40135,648,1.5673374613003097
40137,383,0.8581479240886379
40139,71,0.3302479185078376
40141,123,1.6160819865983445
40143,4632,0.7354447201832895
40145,363,0.476440477752986
40147,408,0.7862483619825791
40149,82,0.7053156717701703
40151,31,0.33972602739726027
40153,88,0.416844299180522
41001,179,1.1166562694946975
41003,326,0.3727631353267395
41005,1596,0.40408439186058587
41007,307,0.8151885289431757
41009,301,0.6063047638231444
41011,841,1.3361082867310625
41013,174,0.8155995125152339
41015,281,1.2564836344124486
41017,784,0.45898145925661393
41019,1254,1.1678696158323632
41021,18,0.9409304756926294
41023,79,1.09312301093123
41025,107,1.4832270584973664
41027,88,0.385255231590929
41029,1853,0.8785488061597982
41031,194,0.8697601434655906
41033,1041,1.2383569465757824
41035,766,1.16155642495375
41037,95,1.2181048852416978
41039,3218,0.8932115368068104
41041,521,1.115990146728071
41043,1149,0.9586023927516644
41045,395,1.296186913434403
41047,2318,0.7098953532173449
41049,77,0.6870705808869456
41051,6438,0.8273011964898168
41053,459,0.5849369185676054
41055,15,0.8797653958944283
41057,201,0.7866311834690044
41059,607,0.7926144524823064
41061,243,0.9433962264150944
41063,68,0.994733762434172
41065,243,0.9471099505008379
41067,2208,0.39142828778488464
41069,13,0.9495982468955442
41071,538,0.5263312364870815
42001,381,0.3744140567419098
42003,9536,0.7750577066874735
42005,705,1.0442587984358336
42007,1468,0.8675866552406843
42009,483,0.9887005649717515
42011,3402,0.8215466424533382
42013,1472,1.1690240396451632
42015,603,0.9756018638363966
42017,1792,0.28616141292197633
42019,1043,0.5608310839149558
42021,1592,1.1556162076624905
42023,57,1.185770750988142
42025,429,0.6668739312917769
42027,490,0.3078314842503361
42029,1161,0.22674541236026155
42031,482,1.2378335345026839
42033,821,1.011457435012936
42035,354,0.8953864832051801
42037,457,0.6844186185826394
42039,986,1.1329817183173039
42041,854,0.3502325314348051
42043,2140,0.7868746368978019
42045,3249,0.577789001202171
42047,206,0.6621452219472213
42049,3098,1.109865189712431
42051,2388,1.7790492367521178
42053,57,0.7607099959962632
42055,854,0.5592408992384108
42057,158,1.0782774858390773
42059,499,1.324696700204412
42061,381,0.8310793124509206
42063,959,1.0961127430249968
42065,461,1.03421200224341
42067,176,0.7093627826367337
42069,2274,1.0675755612517956
42071,2895,0.5430398979572696
42073,1072,1.2109163202602566
42075,762,0.5564074479737131
42077,2987,0.8325157751566368
42079,3329,1.043845263814723
42081,1060,0.911334072717581
42083,529,1.241521744232439
42085,1258,1.097750397040088
42087,477,1.0239347429430075
42089,893,0.5343273937029547
42091,2251,0.27589976908255665
42093,166,0.9019778309063247
42095,2068,0.6881405563689604
42097,1016,1.085586066887488
42099,256,0.5608254649812693
42101,25301,1.621923435418587
42103,195,0.34691336061199074
42105,158,0.9165264806543304
42107,1265,0.8693978818306152
42109,188,0.4671271679173085
42111,808,1.0603535386674716
42113,27,0.42843541732783247
42115,271,0.6478294128896538
42117,356,0.8469938854654897
42119,181,0.4006374784186994
42121,731,1.3673774784885895
42123,329,0.809368004132943
42125,1527,0.7331864079627789
42127,346,0.6743719180618629
42129,2591,0.7209699006892483
42131,189,0.675603217158177
42133,2370,0.5378979764141951
44001,275,0.5586251726659625
44003,1262,0.7653772909767961
44005,519,0.6274633072998524
44007,8699,1.3778542284396462
44009,581,0.4599466430228232
45001,200,0.8015710793154582
45003,1179,0.7139137490462983
45005,229,2.3881530920846803
45007,1386,0.7192191335121867
45009,281,1.86624161519559
45011,393,1.793128621617922
45013,686,0.39129343585297405
45015,1022,0.5133588840723122
45017,175,1.1756012360607282
45019,2584,0.6787978133463629
45021,525,0.932935280946796
45023,374,1.1530753815322954
45025,539,1.1696287134084153
45027,611,1.7941038289875497
45029,606,1.599619892302819
45031,1011,1.4935957097903647
45033,579,1.8514373421162027
45035,888,0.5979113502158002
45037,272,1.03077156283159
45039,282,1.224755700325733
45041,2196,1.5847014252209997
45043,640,1.052562331425564
45045,3237,0.671310746156606
45047,588,0.8414304317339477
45049,370,1.8230193141505715
45051,2095,0.6973616760646832
45053,226,0.8313102332082689
45055,520,0.8242193691551751
45057,499,0.5961483322182931
45059,708,1.0655910418109027
45061,358,1.9682225520919236
45063,1370,0.4933345816738806
45065,128,1.305323271466449
45067,622,1.9452697419859264
45069,578,2.0864919500397083
45071,371,0.9827814569536424
45073,538,0.7137645107794361
45075,1474,1.642687588458838
45077,744,0.6162919766074121
45079,2601,0.6474288288781634
45081,199,0.9894098344354398
45083,2302,0.7823837894972964
45085,1452,1.3484147768429264
45087,302,1.0813520481237469
45089,680,2.0721599219892735
45091,1189,0.4841086944130029
46003,0,0
46005,152,0.8372349215092261
46007,49,1.4223512336719883
46009,24,0.3428081702613912
46011,103,0.30806041573201737
46013,226,0.5880822274264897
46015,50,0.9412650602409639
46017,31,1.5107212475633527
46019,81,0.7888585897935334
46021,0,0
46023,75,0.8084510078689232
46025,14,0.3847210772190162
46027,65,0.46332596763846323
46029,164,0.5881087283941763
46031,82,1.9664268585131892
46033,36,0.4261868118858767
46035,160,0.8071025020177561
46037,43,0.7695060844667143
46039,23,0.5337665351589695
46041,91,1.6100495399858459
46043,13,0.4390408645727794
46045,10,0.25
46047,90,1.3092813500145475
46049,0,0
46051,40,0.5559416261292565
46053,44,1.0433957789898032
46055,0,0
46057,19,0.316930775646372
46059,0,0
46061,0,0
46063,0,0
46065,102,0.5822582486585227
46067,36,0.4955947136563877
46069,0,0
46071,34,1.040391676866585
46073,0,0
46075,0,0
46077,27,0.5325443786982248
46079,54,0.43792068769767256
46081,158,0.6355846976949998
46083,75,0.14592575297688537
46085,21,0.5447470817120622
46087,22,0.39173789173789175
46089,15,0.6660746003552398
46091,17,0.35842293906810035
46093,109,0.40611028315946346
46095,36,1.728276524243879
46097,11,0.4784688995215311
46099,941,0.5169931983254036
46101,11,0.17067494181536075
46102,240,1.6826754539718152
46103,742,0.6915319950045667
46105,16,0.5299768135144087
46107,0,0
46109,95,0.9228676899164562
46111,11,0.4682843763303533
46115,36,0.5505428964673497
46117,0,0
46119,0,0
46121,171,1.7067571613933525
46123,71,1.2968036529680367
46125,35,0.42224635058511284
46127,33,0.2223420024255491
46129,57,1.029252437703142
46135,166,0.7329241909135061
46137,20,0.7097232079488999
47001,700,0.9266000397114303
47003,361,0.7791759297230796
47005,233,1.440672726148519
47007,169,1.2008811198749378
47009,973,0.7710472930138202
47011,993,0.9653898502819366
47013,825,2.062087582483503
47015,153,1.1042944785276074
47017,373,1.31259457367069
47019,712,1.2555769129031689
47021,211,0.5331648768161718
47023,174,1.0025929127052722
47025,690,2.1765874893536483
47027,127,1.6347020208521044
47029,784,2.223734967097799
47031,568,1.055605114481118
47033,171,1.1746118972386317
47035,719,1.241903445893428
47037,4304,0.644422318213465
47039,171,1.4611638041527815
47041,276,1.440576230492197
47043,367,0.7206534972312767
47045,524,1.3800368712141164
47047,455,1.1645465946610019
47049,479,2.670606601248885
47051,350,0.8464738318661119
47053,581,1.1734766011593383
47055,296,1.019494385892402
47057,387,1.6964011747687722
47059,1093,1.59557385185834
47061,297,2.200978212538906
47063,753,1.19139914244577
47065,2966,0.8442806108652026
47067,205,3.101830836737782
47069,451,1.7362848893166507
47071,460,1.7802546538178723
47073,748,1.3223257376208744
47075,360,1.9857686579513485
47077,320,1.1448196908986834
47079,346,1.0715059923817782
47081,242,0.9978969939383943
47083,108,1.311634685450571
47085,191,1.0485287659200702
47087,161,1.396841922609752
47089,565,1.0690431590698377
47091,367,2.047648273168554
47093,3411,0.7611053096634268
47095,141,1.8448253303676567
47097,432,1.5846814130075932
47099,523,1.233316040182993
47101,126,1.0582010582010581
47103,336,1.0005360014293372
47105,386,0.7622884452080494
47107,635,1.207086644109037
47109,418,1.6041754614882757
47111,260,1.1341825161402896
47113,1153,1.1749959236915049
47115,369,1.3009907273560626
47117,228,0.7276208712302538
47119,590,0.6879102685181947
47121,174,1.4740765842087429
47123,687,1.510487665450068
47125,1103,0.58141680152233155
47127,35,0.5543237250554324
47129,315,1.4524160826263373
47131,392,1.2686084142394822
47133,271,1.2267994567677682
47135,94,1.191230515777468
47137,77,1.510989010989011
47139,192,1.1499071689525064
47141,841,1.1265605743985425
47143,426,1.3123440436215768
47145,554,1.0456184059037805
47147,391,0.5758044326632796
47149,1228,0.4230267078669877
47151,554,2.5148667665350217
47153,190,1.291638341264446
47155,684,0.7235262384040111
47157,9939,1.060737040950277
47159,232,1.2098456403838131
47161,159,1.1993663724824621
47163,1829,1.1676157401496385
47165,889,0.5145092773720092
47167,493,0.8008707235452744
47169,96,1.204516938519448
47171,278,1.5491780440234049
47173,232,1.2158691892458466
47175,68,1.2054600248182947
47177,616,1.5361979101723235
47179,1418,1.1250039668687124
47181,176,1.0450065312908206
47183,314,0.9228779684928285
47185,365,1.3839912031244077
47187,292,0.14199226822922997
47189,501,0.39883454337027135
48001,503,0.8706639894758706
48003,101,0.5866976474005228
48005,1039,1.185301801339311
48007,179,0.7238464960168224
48009,45,0.5142857142857142
48011,0,0
48013,550,1.1527981555229512
48015,220,0.7558319304634624
48017,68,0.9535829476931706
48019,139,0.66143231025458
48021,581,0.742150576092788
48023,65,1.7862050013740038
48025,403,1.2321898122668622
48027,2385,0.720850876052941
48029,17959,0.9662134643640525
48031,52,0.4762777065396593
48033,0,0
48035,137,0.763103659555506
48037,1206,1.2900741311254453
48039,1665,0.4919936528386408
48041,993,0.4730914357586614
48043,104,1.1319111885067479
48045,21,1.255980861244019
48047,253,3.50561175003464
48049,538,1.4182153683933043
48051,170,0.9760578744904405
48053,255,0.5719540642382918
48055,377,0.9460951616141337
48057,174,0.7979821141939921
48059,109,0.8017063842306561
48061,9957,2.3775923206418565
48063,154,1.219222547700103
48065,14,0.23228803716608595
48067,362,1.1929084558096619
48069,60,0.7619047619047619
48071,166,0.4360159697415424
48073,497,0.9696236611584759
48075,82,1.1616376257260235
48077,56,0.5401755570560433
48079,56,1.895093062605753
48081,28,0.8674101610904585
48083,125,1.4747522416234071
48085,1950,0.21993316287573322
48087,31,1.0224274406332454
48089,173,0.8320507887649096
48091,470,0.37831833475538096
48093,160,1.1846586702206425
48095,28,0.6760019314340898
48097,209,0.5375790935747723
48099,382,0.5045568617091534
48101,24,1.5384615384615385
48103,33,0.68422143893842
48105,25,0.6517205422314911
48107,66,1.1023885084349423
48109,70,3.098716246126605
48111,43,0.6097560975609756
48113,17308,0.6887237600147071
48115,185,1.3892017721709093
48117,199,1.0452229633909345
48119,76,1.454267125908917
48121,1895,0.2511097859935069
48123,186,0.9002904162633107
48125,24,1.0728654447921324
48127,289,2.665559859804464
48129,29,0.827153451226469
48131,285,2.476107732406603
48133,252,1.3806706114398422
48135,1396,0.9113639776206611
48137,44,2.1696252465483234
48139,788,0.4918083944453113
48141,14111,1.6927945565696407
48143,200,0.4921138751507099
48145,265,1.5348971908485376
48147,300,0.8887045649791154
48149,148,0.5941627524188045
48151,40,1.0397712503249286
48153,72,1.1826544021024967
48155,14,1.0606060606060608
48157,2993,0.4377292484453519
48159,64,0.6054299498628323
48161,174,0.8884350268062292
48163,345,1.8606407075827849
48165,182,0.9340518347446755
48167,2048,0.651223428780387
48169,32,0.48382219534321136
48171,94,0.3653039017565677
48173,0,0
48175,70,0.9379606056545624
48177,194,0.9523809523809524
48179,152,0.6600660066006601
48181,1021,0.821856058471718
48183,1431,1.1607439792996601
48185,258,0.9506263817243921
48187,616,0.4181572569970064
48189,377,1.0769274716485275
48191,39,1.2333965844402277
48193,65,0.78960155490767725
48195,20,0.36023054755043227
48197,53,1.341093117408907
48199,422,0.7586653243204372
48201,31019,0.6995309473492403
48203,587,0.8836236094594391
48205,0,0
48207,82,1.410874053682037
48209,751,0.40444621565438427
48211,0,0
48213,810,1.0225594283766553
48215,20106,2.427281748666601
48217,327,0.9369359044153462
48219,186,0.7956538477991187
48221,251,0.46295442388918606
48223,346,0.9652940520031246
48225,300,1.3156740636786246
48227,309,0.8483650440655629
48229,115,3.3036483769031886
48231,822,0.9228903758925764
48233,109,0.500413185198788
48235,13,0.797057020232986
48237,46,0.5188360027069705
48239,128,0.8720534132715628
48241,453,1.271043771043771
48243,21,0.9455200360198109
48245,2791,1.1031925784507872
48247,123,2.3572249904177847
48249,763,1.8391746613315336
48251,859,0.545244503122937
48253,166,0.8323305254713196
48255,190,1.2680192205018685
48257,592,0.5293749441115979
48259,113,0.28966931556011277
48261,0,0
48263,0,0
48265,365,0.7227007227007227
48267,56,1.2575791601167752
48269,0,0
48271,66,1.8446059250978202
48273,413,1.2956049816482103
48275,49,1.287102705542422
48277,740,1.4911538306532865
48279,190,1.401076616768675
48281,161,0.7908827430367933
48283,160,2.18609099603771
48285,140,0.7123231912078966
48287,121,0.7222155903067924
48289,203,1.1995509070495776
48291,818,1.0407389501005115
48293,263,1.120627210362606
48295,11,0.3136583974907328
48297,109,0.9101536406145625
48299,130,0.6624541377904606
48301,0,0
48303,2248,0.7628562314630686
48305,68,1.1881880132797484
48307,132,1.6015530211113806
48309,2338,0.9605824301338571
48311,0,0
48313,109,0.7874015748031495
48315,168,1.6485133941713275
48317,43,0.7888460832874702
48319,45,1.1072834645669292
48321,383,1.043056728124404
48323,1983,3.489354214323421
48325,421,0.8785475792988313
48327,31,1.4331946370781323
48329,750,0.48133387242727044
48331,281,1.1529624158870835
48333,61,1.2523095873537262
48335,64,0.7115063924402446
48337,176,0.9079653322327692
48339,2237,0.43114663418451227
48341,82,0.3696024519967547
48343,182,1.4383940567454359
48345,11,1.076320939334638
48347,649,0.989993288181097
48349,604,1.2537102766880461
48351,204,1.4429197906351676
48353,193,1.2852100952254113
48355,4044,1.1370186157276327
48357,41,0.38763354448331283
48359,12,0.5799903334944417
48361,762,0.9098398825088656
48363,231,0.8273046343385144
48365,238,1.0012199739177992
48367,416,0.3365668562552083
48369,52,0.5241407116218123
48371,218,1.3774800960444837
48373,626,1.3438378807719553
48375,1046,0.8582000771231427
48377,374,5.235162374020157
48379,95,0.8568593848651573
48381,429,0.3335847530772999
48383,28,0.7724137931034483
48385,39,1.1648745519713262
48387,210,1.6860698514652752
48389,218,1.5099044188945836
48391,98,1.3397129186602872
48393,0,0
48395,197,1.1912680655499788
48397,232,0.26360640836268606
48399,128,1.229468831044088
48401,413,0.7763595691486362
48403,110,1.0610591299315135
48405,152,1.7765310892940627
48407,281,1.0341528043574268
48409,856,1.2832428866968488
48411,74,1.2582894065635095
48413,34,1.0722169662567014
48415,139,0.8028185283585537
48417,20,0.6018657839301835
48419,373,1.4510795565065162
48421,0,0
48423,1801,0.8195863387107785
48425,45,0.5188516084399862
48427,2883,4.575609446419502
48429,68,0.6947992234596914
48431,0,0
48433,13,1.05433901054339
48435,32,0.8130081300813009
48437,63,0.8247152768687
48439,10066,0.5168600826996671
48441,1295,0.9575994202641347
48443,12,1.5424164524421593
48445,145,1.1395787488211253
48447,0,0
48449,307,0.9419489445262641
48451,1093,0.9401018371981009
48453,4656,0.4055127436908627
48455,211,1.4693593314763231
48457,241,1.127696411024285
48459,401,0.9951606899118998
48461,23,0.6618705035971223
48463,476,1.759379042690815
48465,1246,2.550038885023126
48467,431,0.8121349161484831
48469,804,0.8836232951235864
48471,410,0.5863341246460544
48473,288,0.6121277816744246
48475,102,0.8950508950508951
48477,297,0.859773043075498
48479,5048,1.8977015556040089
48481,415,1.0029726659738503
48483,29,0.5140021269053527
48485,1363,1.0314193177346611
48487,145,1.110175331138504
48489,616,2.807145461173897
48491,1262,0.2572260756309886
48493,248,0.5339764016880544
48495,95,1.2300919331865854
48497,228,0.3672148045547521
48499,374,0.8657808231862586
48501,59,0.7094757094757095
48503,185,1.012311901504788
48505,298,2.078828043250785
48507,378,3.1221607334599817
49001,30,0.4660556159701725
49003,159,0.30857009781089895
49005,237,0.19945465562512624
49007,176,0.848888245791733
49009,0,0
49011,671,0.2037705137081982
49013,95,0.4731546966829365
49015,34,0.3216650898770104
49017,17,0.3386454183266932
49019,58,0.615188799321171
49021,230,0.48166530543862957
49023,40,0.38069858189778244
49025,20,0.2771618625277162
49027,47,0.3728974928594097
49029,0,0
49031,11,0.591715976331361
49033,0,0
49035,3837,0.35120702816795696
49037,244,1.5701415701415704
49039,116,0.40629049770585973
49041,119,0.5690240520250561
49043,35,0.08972288446255992
49045,207,0.3339463749879005
49047,118,0.32499724578605266
49049,1024,0.18150332253884863
49051,33,0.11830077074744577
49053,485,0.3191650379378648
49055,0,0
49057,1170,0.48481734402970234
50001,243,0.6580729025618806
50003,473,1.2957839081719311
50005,415,1.3448264687773421
50007,1071,0.6672481465329263
50009,117,1.895350720881257
50011,534,1.0982005141388176
50013,58,0.8351331893448524
50015,205,0.8155633354551242
50017,287,0.9931826833235284
50019,430,1.5881223223518985
50021,908,1.5099861972627342
50023,616,1.044722961857436
50025,510,1.1694833635258777
50027,530,0.9482234229076467
51001,421,1.2734422262552936
51003,299,0.2867087940011699
51005,109,0.6847163766568252
51007,102,0.7973110294692409
51009,253,0.790649707803369
51011,172,1.1231552827478124
51013,749,0.3312810714222529
51015,225,0.30270415713709137
51017,34,0.7459412022817025
51019,402,0.5225325932954649
51021,55,0.8318209316394435
51023,229,0.6899252832007713
51025,245,1.4783080914740845
51027,483,2.0856723378530098
51029,165,0.9688784497944805
51031,376,0.6828789887579231
51033,147,0.4959514170040486
51035,219,0.7365553425486833
51036,55,0.7761783799040362
51037,257,2.1010464355788097
51041,1102,0.33208875388366044
51043,60,0.41937513105472846
51045,41,0.7892204042348411
51047,324,0.6618728550416735
51049,92,0.9417545296345583
51051,305,1.9929430214323054
51053,146,0.5185579825963417
51057,99,0.889487870619946
51059,2960,0.26127936855132067
51061,214,0.31459022418228594
51063,114,0.7313787130300892
51065,82,0.31482761268524917
51067,427,0.7593811132847235
51069,289,0.3510647343934112
51071,233,1.381068105032304
51073,226,0.610464331055347
51075,83,0.37763319532280815
51077,150,0.9881422924901186
51079,88,0.46109510086455335
51081,33,0.28209950418875024
51083,579,1.639994335080017
51085,266,0.26027651933971957
51087,1369,0.42525961338340773
51089,834,1.597425731195771
51091,0,0
51093,166,0.4607655369583923
51095,255,0.35465924895688455
51097,51,0.7142857142857143
51099,82,0.3246239113222486
51101,63,0.389948006932409
51103,113,1.0221619176843058
51105,625,2.508931797198025
51107,477,0.13160980589622967
51109,223,0.6491994177583696
51111,142,1.140562248995984
51113,81,0.6172839506172839
51115,57,0.6442133815551537
51117,501,1.6053061616841298
51119,79,0.7363907531692766
51121,406,0.41757947895132014
51125,152,1.0248803182523092
51127,68,0.339135205226672
51131,264,2.1785773229905927
51133,91,0.7415254237288136
51135,211,1.3490186049485327
51137,212,0.6079201674648008
51139,251,1.0564417694347406
51141,201,1.1056105610561056
51143,590,0.94563405564816
51145,89,0.3146432864314502
51147,318,1.3779954066819777
51149,93,0.2469201359388275
51153,1091,0.2459256587696955
51155,313,0.9094342911933057
51157,31,0.4180151024811219
51159,98,1.1050969778980604
51161,299,0.31925684693823075
51163,132,0.5879732739420935
51165,339,0.4322490978872072
51167,507,1.8124620169449113
51169,508,2.2700866922870677
51171,305,0.7116690388967963
51173,478,1.51683432234316
51175,150,0.8200754469411187
51177,393,0.30422430543191337
51179,275,0.19706480924126468
51181,52,0.7725449413162977
51183,172,1.4659507372368534
51185,711,1.6394954689049275
51187,226,0.5823691602030562
51191,609,1.1161614310325867
51193,180,1.0269283432222729
51195,806,2.011279133602835
51197,348,1.1929656165369718
51199,95,0.14196267128917048
51510,531,0.35055752510348376
51520,304,1.7531718569780852
51530,119,1.8003025718608168
51540,350,0.7685888708331504
51550,1020,0.43740404984690856
51570,163,0.9285632904181382
51580,156,2.761061946902655
51590,1037,2.448064211520302
51595,206,3.701707097933513
51600,0,0
51610,46,0.3383099213061705
51620,214,2.543682396291454
51630,178,0.639069400064625
51640,250,3.6453776611256927
51650,1093,0.7990408585485674
51660,347,0.6675772908289886
51670,316,1.415009851334408
51678,88,1.250710631040364
51680,942,1.1961145324106406
51683,131,0.3183552455709738
51685,0,0
51690,25,0.18448822965094827
51700,1517,0.8353248240696893
51710,2357,0.9592062639384025
51720,148,3.720462543991956
51730,878,2.7440072506797515
51735,15,0.12429565793834936
51740,1165,1.2126448147724078
51750,146,0.8495286861398813
51760,2789,1.2865993458594935
51770,1569,1.5795991100282898
51775,177,0.6998813760379596
51790,312,1.2874473879673185
51800,766,0.879842868793145
51810,1572,0.34954072749831566
51820,234,1.0951979780960404
51830,0,0
51840,239,0.8738893561007716
53001,129,0.675392670157068
53003,280,1.2662234884457106
53005,1095,0.5839408273294973
53007,529,0.7075881810034643
53009,608,0.8332305499595719
53011,2182,0.483928559547387
53013,53,1.3346764039284815
53015,1065,1.035448305364886
53017,187,0.466322535597616
53019,98,1.2828904306846447
53021,494,0.5625782940439585
53023,23,1.0309278350515463
53025,621,0.6711336863719874
53027,1025,1.4389398172195471
53029,343,0.42814524484166117
53031,237,0.781327267332608
53033,9289,0.4466831766487942
53035,1462,0.5677934505685701
53037,175,0.4090218534533131
53039,210,1.0033444816053512
53041,886,1.1700385610902753
53043,91,0.8812705791206663
53045,473,0.7746478873239436
53047,442,1.0702438315697715
53049,272,1.311285734946729
53051,160,1.2306745634951157
53053,5265,0.6321317427385892
53055,63,0.3923766816143498
53057,789,0.6549076571902884
53059,70,0.6185931424531637
53061,3163,0.41692535019488586
53063,4328,0.8907934194900167
53065,439,1.003566203365033
53067,1667,0.6259598739819233
53069,47,1.1602073562083437
53071,496,0.8293066260930629
53073,1416,0.6751569883039541
53075,191,0.40215606181833496
53077,2397,0.9677771003831541
54001,283,1.6753492777646224
54003,754,0.6843782051863887
54005,384,1.6240219919644745
54007,205,1.4174099426121827
54009,146,0.6219912239594427
54011,1487,1.5389710524409301
54013,200,2.6730820636193533
54015,258,2.856193955496513
54017,73,0.8728925026904221
54019,806,1.7835015046910958
54021,109,1.2828056961280452
54023,140,1.1894647408666101
54025,528,1.4839797639123105
54027,225,0.959283734811341
54029,296,0.9858779642952304
54031,136,0.9754698034715249
54033,885,1.28680479825518
54035,384,1.315113531285318
54037,306,0.5510435612540743
54039,2435,1.284038895568352
54041,289,1.7598343685300208
54043,467,2.1739130434782608
54045,635,1.8057214354774496
54047,685,3.378878311054111
54049,609,1.073771069892094
54051,281,0.8700767896953183
54053,429,1.5853658536585367
54055,1252,2.036567115622357
54057,252,0.9128450336883287
54059,743,2.90813730478688
54061,450,0.4376282493897517
54063,151,1.1188500296384114
54065,115,0.6566175630923833
54067,429,1.6664724391096608
54069,447,1.033358762743602
54071,77,1.0560965573995336
54073,73,0.9590120861797162
54075,115,1.334106728538283
54077,355,1.0505134199390407
54079,351,0.6185785030752692
54081,1042,1.3350245352397792
54083,500,1.7072421210776112
54085,181,1.8020708880923935
54087,332,2.2876042169089783
54089,268,2.0112570356472794
54091,215,1.2685114166027494
54093,82,1.1846287200231147
54095,101,1.1222222222222222
54097,356,1.4452744397531665
54099,609,1.4768290612799184
54101,240,2.7210884353741496
54103,234,1.4627742701756579
54105,100,1.7164435290078957
54107,1165,1.350536736917762
54109,468,2.0765851710520478
55001,165,0.8130481915837193
55003,155,0.972640562248996
55005,387,0.8496531131992623
55007,108,0.7206245412690998
55009,1556,0.6063416477996735
55011,99,0.7468316234158118
55013,106,0.6946719968543155
55015,102,0.20542565403903087
55017,490,0.7734196196038198
55019,225,0.6524386707649481
55021,299,0.527802294792586
55023,137,0.8346024977155041
55025,2367,0.4579948840791149
55027,299,0.3382199900456993
55029,114,0.41201344464924644
55031,427,0.9770049193456125
55033,304,0.6854875078921259
55035,766,0.7516657344441501
55037,24,0.5364327223960662
55039,579,0.5678252000627648
55041,98,1.0759771629336845
55043,368,0.7114823192776908
55045,160,0.43184885290148445
55047,138,0.7308934908108681
55049,137,0.5768178181971286
55051,49,0.8376068376068376
55053,156,0.7585335018963337
55055,393,0.46487969907024057
55057,263,0.9962498579491648
55059,1086,0.6468289893743746
55061,81,0.39591377877706635
55063,817,0.6950943524647348
55065,87,0.518073006609897
55067,195,1.004429792932935
55069,189,0.6709027013595542
55071,482,0.6011624136296739
55073,712,0.525977527757873
55075,354,0.8615234850328547
55077,140,0.9282588516111921
55078,76,1.7051828584249493
55079,11786,1.2337408118445816
55081,330,0.7274330430948969
55083,237,0.6324216144096064
55085,269,0.7555330861700933
55087,875,0.481300777231998
55089,184,0.2099857346647646
55091,49,0.6667573819567287
55093,149,0.3644724933343118
55095,236,0.5427408412483039
55097,333,0.4719989794616661
55099,128,0.9338294302181367
55101,1683,0.8636393959142621
55103,189,1.0713071080376375
55105,1252,0.7777073782813412
55107,160,1.1210762331838564
55109,196,0.2259991236768674
55111,349,0.5511947818121515
55113,151,0.9186032364034554
55115,279,0.6741735936593852
55117,560,0.4858201250986822
55119,116,0.5652745967545442
55121,190,0.6436096338199925
55123,298,0.9789107154589055
55125,130,0.6082440462265475
55127,465,0.4513642849516118
55129,156,0.9945808096907874
55131,300,0.22485047443450107
55133,993,0.2511526972990336
55135,345,0.663793435179128
55137,153,0.631240201336744
55139,893,0.5268840678046104
55141,614,0.8340011681449586
56001,107,0.28279945025901254
56003,58,0.48612857262593245
56005,102,0.21042642295711014
56007,59,0.37589194699286443
56009,47,0.33045067847852067
56011,12,0.16474464579901155
56013,331,0.8136076493867217
56015,95,0.701314041045327
56017,42,0.8784773060029283
56019,19,0.22165188987400838
56021,547,0.567080313915757
56023,57,0.30739362562692124
56025,441,0.5453129057387691
56027,10,0.4003202562049639
56029,122,0.4194890485850841
56031,38,0.43478260869565216
56033,129,0.4310920999866328
56035,16,0.1594896331738437
56037,122,0.27224850486476837
56039,21,0.09282588516111921
56041,86,0.41162111712056665
56043,35,0.4191114836546521
56045,22,0.30662020905923343
NA,NA,NA
69000,208,NA
NA,NA,NA
NA,NA,NA
NA,NA,NA
NA,NA,NA
NA,NA,NA
