GEO.id,Geographic identifier code
GEO.id2,Id2
GEO.display-label,Geographic area name
NAICS.id,2007 NAICS code
NAICS.display-label,Meaning of 2007 NAICS code
YEAR.id,Year
ESTAB,Number of establishments
EMP,Paid employees for pay period including March 12 (number)
EMP_N,Noise range for paid employees for pay period including March 12 (%)
PAYQTR1,"First-quarter payroll ($1,000)"
PAYQTR1_N,Noise range for first-quarter payroll (%)
PAYANN,"Annual payroll ($1,000)"
PAYANN_N,Noise range for annual payroll (%)
